league,season,club,manager,manager_id,games,share,growth_m,attributed_m
Eerste Divisie,22/23,ADO Den Haag,Dick Advocaat,3,22,0.5789473684210527,0.3250000000000002,0.18815789473684222
Eerste Divisie,22/23,ADO Den Haag,Dirk Kuyt,58167,16,0.42105263157894735,0.3250000000000002,0.13684210526315796
Eerste Divisie,22/23,Almere City,Alex Pastoor,3801,38,1.0,0.7,0.7
Eerste Divisie,22/23,De Graafschap,Adrie Poldervaart,37913,38,1.0,0.7750000000000001,0.7750000000000001
Eerste Divisie,22/23,Den Bosch,Jack de Gier,12006,27,0.8181818181818182,0.07500000000000001,0.06136363636363638
Eerste Divisie,22/23,Den Bosch,Tomasz Kaczmarek,10813,6,0.18181818181818182,0.07500000000000001,0.01363636363636364
Eerste Divisie,22/23,Dordrecht,Michele Santoni,42188,38,1.0,0.76,0.76
Eerste Divisie,22/23,Eindhoven,Rob Penders,36561,38,1.0,1.025,1.025
Eerste Divisie,22/23,Helmond Sport,Bob Peeters,14119,20,0.625,0.17500000000000004,0.10937500000000003
Eerste Divisie,22/23,Helmond Sport,Sven Swinnen,87260,12,0.375,0.17500000000000004,0.06562500000000002
Eerste Divisie,22/23,Heracles,John Lammers,19477,38,1.0,2.625,2.625
Eerste Divisie,22/23,Jong AZ,Maarten Martens,49088,38,1.0,8.55,8.55
Eerste Divisie,22/23,Jong Ajax,Dave Vos,59827,14,0.4,1.5500000000000003,0.6200000000000001
Eerste Divisie,22/23,Jong Ajax,John Heitinga,51774,21,0.6,1.5500000000000003,0.9300000000000002
Eerste Divisie,22/23,Jong PSV,Adil Ramzi,54169,38,1.0,8.925,8.925
Eerste Divisie,22/23,Jong Utrecht,Darije Kalezic,9382,38,1.0,-0.10000000000000026,-0.10000000000000026
Eerste Divisie,22/23,MVV,Maurice Verberne,17135,38,1.0,0.8250000000000001,0.8250000000000001
Eerste Divisie,22/23,NAC Breda,Peter Hyballa,4853,18,0.5,1.325,0.6625
Eerste Divisie,22/23,NAC Breda,Robert Molenaar,19836,18,0.5,1.325,0.6625
Eerste Divisie,22/23,PEC Zwolle,Dick Schreuder,33196,38,1.0,0.8000000000000002,0.8000000000000002
Eerste Divisie,22/23,Roda JC,Edwin de Graaf,33856,18,0.5142857142857142,4.3,2.2114285714285713
Eerste Divisie,22/23,Roda JC,Jürgen Streppel,7032,17,0.4857142857142857,4.3,2.0885714285714285
Eerste Divisie,22/23,TOP Oss,Klaas Wels,30770,15,0.46875,0.4,0.1875
Eerste Divisie,22/23,TOP Oss,Kristof Aelbrecht,54168,17,0.53125,0.4,0.21250000000000002
Eerste Divisie,22/23,Telstar,Mike Snoei,497,38,1.0,0.55,0.55
Eerste Divisie,22/23,VVV-Venlo,Rick Kruys,58257,38,1.0,0.7250000000000001,0.7250000000000001
Eerste Divisie,22/23,Willem II,Kevin Hofland,34709,17,0.4594594594594595,-0.625,-0.28716216216216217
Eerste Divisie,22/23,Willem II,Reinier Robbemond,23753,20,0.5405405405405406,-0.625,-0.33783783783783783
Eerste Divisie,23/24,ADO Den Haag,Darije Kalezic,9382,38,1.0,0.925,0.925
Eerste Divisie,23/24,Cambuur,Henk de Jong,3797,29,0.7631578947368421,0.375,0.2861842105263158
Eerste Divisie,23/24,Cambuur,Sjors Ultee,35586,9,0.23684210526315788,0.375,0.08881578947368421
Eerste Divisie,23/24,De Graafschap,Jan Vreman,3864,38,1.0,1.85,1.85
Eerste Divisie,23/24,Den Bosch,Tomasz Kaczmarek,10813,33,1.0,0.44999999999999996,0.44999999999999996
Eerste Divisie,23/24,Dordrecht,Michele Santoni,42188,38,1.0,1.5750000000000002,1.5750000000000002
Eerste Divisie,23/24,Eindhoven,Willem Weijs,55110,38,1.0,0.12500000000000008,0.12500000000000008
Eerste Divisie,23/24,Emmen,Fred Grim,17475,33,1.0,-0.4749999999999999,-0.4749999999999999
Eerste Divisie,23/24,Groningen,Dick Lukkien,2208,38,1.0,4.4750000000000005,4.4750000000000005
Eerste Divisie,23/24,Helmond Sport,Bob Peeters,14119,33,1.0,-0.6000000000000001,-0.6000000000000001
Eerste Divisie,23/24,Jong AZ,Jan Sierksma,78975,21,0.5526315789473685,12.725,7.032236842105264
Eerste Divisie,23/24,Jong AZ,Lee-Roy Echteld,39640,17,0.4473684210526316,12.725,5.692763157894737
Eerste Divisie,23/24,Jong Ajax,Dave Vos,59827,36,1.0,16.8,16.8
Eerste Divisie,23/24,Jong PSV,Wil Boessen,2199,38,1.0,8.850000000000001,8.850000000000001
Eerste Divisie,23/24,Jong Utrecht,Ivar van Dinteren,17822,38,1.0,1.7,1.7
Eerste Divisie,23/24,MVV,Maurice Verberne,17135,38,1.0,1.925,1.925
Eerste Divisie,23/24,NAC Breda,Jean-Paul van Gastel,1846,31,0.8611111111111112,1.8250000000000002,1.571527777777778
Eerste Divisie,23/24,NAC Breda,Peter Hyballa,4853,5,0.1388888888888889,1.8250000000000002,0.25347222222222227
Eerste Divisie,23/24,Roda JC,Bas Sibum,55941,38,1.0,1.35,1.35
Eerste Divisie,23/24,TOP Oss,Ruud Brood,1270,38,1.0,-0.17499999999999993,-0.17499999999999993
Eerste Divisie,23/24,Telstar,Mike Snoei,497,24,1.0,-0.15000000000000002,-0.15000000000000002
Eerste Divisie,23/24,VVV-Venlo,Rick Kruys,58257,38,1.0,1.25,1.25
Eerste Divisie,23/24,Willem II,Peter Maes,3249,33,1.0,0.7749999999999999,0.7749999999999999
Eerste Divisie,24/25,ADO Den Haag,Darije Kalezic,9382,38,1.0,-0.4250000000000001,-0.4250000000000001
Eerste Divisie,24/25,Cambuur,Henk de Jong,3797,38,1.0,0.6,0.6
Eerste Divisie,24/25,De Graafschap,Jan Vreman,3864,20,0.5263157894736842,0.7,0.3684210526315789
Eerste Divisie,24/25,De Graafschap,Marinus Dijkhuizen,25155,18,0.47368421052631576,0.7,0.33157894736842103
Eerste Divisie,24/25,Den Bosch,David Nascimento,1896,14,0.3684210526315789,1.15,0.4236842105263157
Eerste Divisie,24/25,Den Bosch,Ulrich Landvreugd,28556,24,0.631578947368421,1.15,0.7263157894736841
Eerste Divisie,24/25,Dordrecht,Melvin Boel,55702,38,1.0,1.9,1.9
Eerste Divisie,24/25,Eindhoven,Maurice Verberne,17135,38,1.0,-0.4,-0.4
Eerste Divisie,24/25,Emmen,Robin Peter,94614,21,1.0,-0.32499999999999996,-0.32499999999999996
Eerste Divisie,24/25,Excelsior,Ruben den Uil,69015,38,1.0,-0.2000000000000002,-0.2000000000000002
Eerste Divisie,24/25,Helmond Sport,Kevin Hofland,34709,23,0.6216216216216216,-0.07499999999999993,-0.046621621621621576
Eerste Divisie,24/25,Helmond Sport,Robert Maaskant,505,14,0.3783783783783784,-0.07499999999999993,-0.028378378378378352
Eerste Divisie,24/25,Jong AZ,Lee-Roy Echteld,39640,38,1.0,28.95,28.95
Eerste Divisie,24/25,Jong Ajax,Frank Peereboom,36726,38,1.0,-22.975,-22.975
Eerste Divisie,24/25,Jong PSV,Alfons Groenendijk,2234,38,1.0,-9.899999999999999,-9.899999999999999
Eerste Divisie,24/25,Jong Utrecht,Ivar van Dinteren,17822,38,1.0,5.375,5.375
Eerste Divisie,24/25,MVV,Edwin Hermans,13092,38,1.0,0.09999999999999995,0.09999999999999995
Eerste Divisie,24/25,Roda JC,Bas Sibum,55941,38,1.0,-1.0749999999999997,-1.0749999999999997
Eerste Divisie,24/25,TOP Oss,Sjors Ultee,35586,38,1.0,0.24999999999999997,0.24999999999999997
Eerste Divisie,24/25,Telstar,Anthony Correia,56262,38,1.0,1.75,1.75
Eerste Divisie,24/25,VVV-Venlo,John Lammers,19477,38,1.0,-0.5499999999999999,-0.5499999999999999
Eerste Divisie,24/25,Vitesse,John van den Brom,1886,38,1.0,0.7249999999999999,0.7249999999999999
Eerste Divisie,24/25,Volendam,Rick Kruys,58257,38,1.0,1.6749999999999998,1.6749999999999998
Eerste Divisie,25/26,ADO Den Haag,Robin Peter,94614,38,1.0,2.1,2.1
Eerste Divisie,25/26,Almere City,Jeroen Rijsdijk,35419,38,1.0,1.5250000000000004,1.5250000000000004
Eerste Divisie,25/26,Cambuur,Henk de Jong,3797,38,1.0,0.9999999999999999,0.9999999999999999
Eerste Divisie,25/26,De Graafschap,Marinus Dijkhuizen,25155,38,1.0,0.9750000000000001,0.9750000000000001
Eerste Divisie,25/26,Den Bosch,Ulrich Landvreugd,28556,38,1.0,1.0250000000000001,1.0250000000000001
Eerste Divisie,25/26,Dordrecht,Dirk Kuyt,58167,38,1.0,0.7,0.7
Eerste Divisie,25/26,Eindhoven,Jan Poortvliet,1283,25,0.6578947368421053,-0.3500000000000001,-0.23026315789473692
Eerste Divisie,25/26,Eindhoven,Maurice Verberne,17135,13,0.34210526315789475,-0.3500000000000001,-0.1197368421052632
Eerste Divisie,25/26,Emmen,Menno van Dam,69478,38,1.0,0.625,0.625
Eerste Divisie,25/26,Helmond Sport,Jurgen Seegers,81771,38,1.0,-0.25,-0.25
Eerste Divisie,25/26,Jong AZ,Frank Peereboom,36726,13,0.3611111111111111,14.4,5.2
Eerste Divisie,25/26,Jong AZ,Lee-Roy Echteld,39640,23,0.6388888888888888,14.4,9.2
Eerste Divisie,25/26,Jong Ajax,Paul Nuijten,98217,8,0.21052631578947367,14.625,3.0789473684210527
Eerste Divisie,25/26,Jong Ajax,Willem Weijs,55110,25,0.6578947368421053,14.625,9.62171052631579
Eerste Divisie,25/26,Jong Ajax,Óscar García,16362,5,0.13157894736842105,14.625,1.9243421052631577
Eerste Divisie,25/26,Jong PSV,Stijn Schaars,80512,38,1.0,3.0,3.0
Eerste Divisie,25/26,Jong Utrecht,Mark Otten,68334,38,1.0,-2.725,-2.725
Eerste Divisie,25/26,MVV,Edwin Hermans,13092,7,0.21212121212121213,0.35000000000000003,0.07424242424242425
Eerste Divisie,25/26,MVV,Peter van den Berg,10697,26,0.7878787878787878,0.35000000000000003,0.27575757575757576
Eerste Divisie,25/26,RKC Waalwijk,Sander Duits,67686,38,1.0,0.4750000000000001,0.4750000000000001
Eerste Divisie,25/26,Roda JC,Kevin Van Dessel,47535,38,1.0,-0.2000000000000001,-0.2000000000000001
Eerste Divisie,25/26,TOP Oss,Sjors Ultee,35586,38,1.0,1.025,1.025
Eerste Divisie,25/26,VVV-Venlo,Peter Uneken,29603,29,1.0,0.5499999999999998,0.5499999999999998
Eerste Divisie,25/26,Vitesse,Rüdiger Rehm,11289,38,1.0,1.025,1.025
Eerste Divisie,25/26,Willem II,John Stegeman,10972,38,1.0,1.9500000000000002,1.9500000000000002
Eredivisie,22/23,AZ,Pascal Jansen,18820,34,1.0,60.125,60.125
Eredivisie,22/23,Ajax,Alfred Schreuder,10267,17,1.0,79.375,79.375
Eredivisie,22/23,Cambuur,Henk de Jong,3797,10,0.3333333333333333,-2.1999999999999997,-0.7333333333333332
Eredivisie,22/23,Cambuur,Sjors Ultee,35586,20,0.6666666666666666,-2.1999999999999997,-1.4666666666666663
Eredivisie,22/23,Emmen,Dick Lukkien,2208,34,1.0,1.0999999999999999,1.0999999999999999
Eredivisie,22/23,Excelsior,Marinus Dijkhuizen,25155,34,1.0,4.2,4.2
Eredivisie,22/23,Feyenoord,Arne Slot,34822,34,1.0,59.5,59.5
Eredivisie,22/23,Fortuna Sittard,Julio Velázquez,17326,28,1.0,-1.7500000000000002,-1.7500000000000002
Eredivisie,22/23,Go Ahead Eagles,René Hake,16339,34,1.0,2.925,2.925
Eredivisie,22/23,Groningen,Dennis van der Ree,42331,20,0.5882352941176471,2.625,1.5441176470588236
Eredivisie,22/23,Groningen,Frank Wormuth,305,14,0.4117647058823529,2.625,1.0808823529411764
Eredivisie,22/23,Heerenveen,Kees van Wonderen,1665,34,1.0,22.75,22.75
Eredivisie,22/23,NEC,Rogier Meijer,49162,34,1.0,1.7250000000000003,1.7250000000000003
Eredivisie,22/23,PSV,Ruud van Nistelrooy,36058,33,1.0,45.925,45.925
Eredivisie,22/23,RKC Waalwijk,Joseph Oosting,10694,34,1.0,1.625,1.625
Eredivisie,22/23,Sparta Rotterdam,Maurice Steijn,13405,34,1.0,12.3,12.3
Eredivisie,22/23,Twente,Ron Jans,512,34,1.0,28.375,28.375
Eredivisie,22/23,Utrecht,Henk Fraser,17353,14,0.4117647058823529,3.3500000000000005,1.3794117647058826
Eredivisie,22/23,Utrecht,Michael Silberbauer,49694,20,0.5882352941176471,3.3500000000000005,1.970588235294118
Eredivisie,22/23,Vitesse,Phillip Cocu,6405,27,0.7941176470588235,-0.7500000000000001,-0.5955882352941178
Eredivisie,22/23,Vitesse,Thomas Letsch,335,7,0.20588235294117646,-0.7500000000000001,-0.15441176470588236
Eredivisie,22/23,Volendam,Wim Jonk,21800,34,1.0,3.9,3.9
Eredivisie,23/24,AZ,Maarten Martens,49088,17,0.5,18.525000000000002,9.262500000000001
Eredivisie,23/24,AZ,Pascal Jansen,18820,17,0.5,18.525000000000002,9.262500000000001
Eredivisie,23/24,Ajax,John van 't Schip,6210,26,0.7878787878787878,60.1,47.35151515151515
Eredivisie,23/24,Ajax,Maurice Steijn,13405,7,0.21212121212121213,60.1,12.74848484848485
Eredivisie,23/24,Almere City,Alex Pastoor,3801,34,1.0,3.7750000000000004,3.7750000000000004
Eredivisie,23/24,Excelsior,Marinus Dijkhuizen,25155,34,1.0,5.35,5.35
Eredivisie,23/24,Feyenoord,Arne Slot,34822,34,1.0,97.425,97.425
Eredivisie,23/24,Fortuna Sittard,Danny Buijs,37630,34,1.0,8.625,8.625
Eredivisie,23/24,Go Ahead Eagles,René Hake,16339,34,1.0,10.65,10.65
Eredivisie,23/24,Heerenveen,Kees van Wonderen,1665,34,1.0,1.5999999999999999,1.5999999999999999
Eredivisie,23/24,Heracles,Erwin van de Looi,12458,18,0.5454545454545454,0.725,0.3954545454545454
Eredivisie,23/24,Heracles,John Lammers,19477,15,0.45454545454545453,0.725,0.32954545454545453
Eredivisie,23/24,NEC,Rogier Meijer,49162,34,1.0,12.975,12.975
Eredivisie,23/24,PEC Zwolle,Johnny Jansen,33770,34,1.0,3.0,3.0
Eredivisie,23/24,PSV,Peter Bosz,1269,34,1.0,110.675,110.675
Eredivisie,23/24,RKC Waalwijk,Henk Fraser,17353,34,1.0,2.5000000000000004,2.5000000000000004
Eredivisie,23/24,Sparta Rotterdam,Jeroen Rijsdijk,35419,34,1.0,5.75,5.75
Eredivisie,23/24,Twente,Joseph Oosting,10694,34,1.0,35.95,35.95
Eredivisie,23/24,Utrecht,Ron Jans,512,30,1.0,-1.6000000000000008,-1.6000000000000008
Eredivisie,23/24,Vitesse,Edward Sturing,597,22,0.6666666666666666,-7.175000000000001,-4.783333333333333
Eredivisie,23/24,Vitesse,Phillip Cocu,6405,11,0.3333333333333333,-7.175000000000001,-2.3916666666666666
Eredivisie,23/24,Volendam,Matthias Kohler,39536,14,0.4375,0.27500000000000024,0.1203125000000001
Eredivisie,23/24,Volendam,Regillio Simons,50182,18,0.5625,0.27500000000000024,0.15468750000000014
Eredivisie,24/25,AZ,Maarten Martens,49088,34,1.0,58.325,58.325
Eredivisie,24/25,Ajax,Francesco Farioli,73923,34,1.0,1.4249999999999985,1.4249999999999985
Eredivisie,24/25,Almere City,Hedwiges Maduro,62754,16,0.48484848484848486,-0.8500000000000003,-0.4121212121212123
Eredivisie,24/25,Almere City,Jeroen Rijsdijk,35419,17,0.5151515151515151,-0.8500000000000003,-0.43787878787878803
Eredivisie,24/25,Feyenoord,Brian Priske,19874,21,0.65625,-10.0,-6.5625
Eredivisie,24/25,Feyenoord,Robin van Persie,77452,11,0.34375,-10.0,-3.4375
Eredivisie,24/25,Fortuna Sittard,Danny Buijs,37630,34,1.0,-0.12500000000000006,-0.12500000000000006
Eredivisie,24/25,Go Ahead Eagles,Paul Simonis,61348,34,1.0,14.375,14.375
Eredivisie,24/25,Groningen,Dick Lukkien,2208,34,1.0,13.675,13.675
Eredivisie,24/25,Heerenveen,Robin Veldman,77172,8,0.25806451612903225,5.35,1.3806451612903226
Eredivisie,24/25,Heerenveen,Robin van Persie,77452,23,0.7419354838709677,5.35,3.9693548387096773
Eredivisie,24/25,Heracles,Erwin van de Looi,12458,34,1.0,2.575,2.575
Eredivisie,24/25,NAC Breda,Carl Hoefkens,58865,34,1.0,-0.1,-0.1
Eredivisie,24/25,NEC,Rogier Meijer,49162,34,1.0,2.15,2.15
Eredivisie,24/25,PEC Zwolle,Johnny Jansen,33770,34,1.0,4.925,4.925
Eredivisie,24/25,PSV,Peter Bosz,1269,34,1.0,-16.125,-16.125
Eredivisie,24/25,RKC Waalwijk,Henk Fraser,17353,34,1.0,-1.65,-1.65
Eredivisie,24/25,Sparta Rotterdam,Jeroen Rijsdijk,35419,10,0.30303030303030304,-6.700000000000001,-2.0303030303030307
Eredivisie,24/25,Sparta Rotterdam,Maurice Steijn,13405,23,0.696969696969697,-6.700000000000001,-4.669696969696971
Eredivisie,24/25,Twente,Joseph Oosting,10694,34,1.0,10.9,10.9
Eredivisie,24/25,Utrecht,Ron Jans,512,34,1.0,21.45,21.45
Eredivisie,24/25,Willem II,Peter Maes,3249,30,1.0,2.5,2.5
Eredivisie,25/26,AZ,Lee-Roy Echteld,39640,16,0.47058823529411764,81.625,38.411764705882355
Eredivisie,25/26,AZ,Maarten Martens,49088,18,0.5294117647058824,81.625,43.213235294117645
Eredivisie,25/26,Ajax,John Heitinga,51774,11,0.5789473684210527,32.575,18.859210526315792
Eredivisie,25/26,Ajax,Óscar García,16362,8,0.42105263157894735,32.575,13.715789473684211
Eredivisie,25/26,Excelsior,Ruben den Uil,69015,34,1.0,4.45,4.45
Eredivisie,25/26,Feyenoord,Robin van Persie,77452,34,1.0,23.75,23.75
Eredivisie,25/26,Fortuna Sittard,Danny Buijs,37630,34,1.0,0.875,0.875
Eredivisie,25/26,Go Ahead Eagles,Melvin Boel,55702,34,1.0,0.5749999999999996,0.5749999999999996
Eredivisie,25/26,Groningen,Dick Lukkien,2208,34,1.0,17.475,17.475
Eredivisie,25/26,Heerenveen,Robin Veldman,77172,34,1.0,12.175,12.175
Eredivisie,25/26,Heracles,Bas Sibum,55941,10,0.3333333333333333,-4.7250000000000005,-1.5750000000000002
Eredivisie,25/26,Heracles,Ernest Faber,2289,20,0.6666666666666666,-4.7250000000000005,-3.1500000000000004
Eredivisie,25/26,NAC Breda,Carl Hoefkens,58865,34,1.0,-3.475,-3.475
Eredivisie,25/26,NEC,Dick Schreuder,33196,34,1.0,25.099999999999998,25.099999999999998
Eredivisie,25/26,PEC Zwolle,Henry van der Vegt,10667,34,1.0,-4.3,-4.3
Eredivisie,25/26,PSV,Peter Bosz,1269,34,1.0,42.325,42.325
Eredivisie,25/26,Sparta Rotterdam,Maurice Steijn,13405,34,1.0,6.85,6.85
Eredivisie,25/26,Telstar,Anthony Correia,56262,34,1.0,3.75,3.75
Eredivisie,25/26,Twente,John van den Brom,1886,29,1.0,10.3,10.3
Eredivisie,25/26,Utrecht,Ron Jans,512,34,1.0,10.125,10.125
Eredivisie,25/26,Volendam,Rick Kruys,58257,34,1.0,2.825,2.825
