league,season,club,team_id,growth_m,n_matched,prev_value_m,value_m,n_squad,growth_pct
Eerste Divisie,22/23,ADO Den Haag,1268,0.3250000000000002,30,7.2749999999999995,7.6000000000000005,36,0.04467353951890037
Eerste Divisie,22/23,Almere City,723,0.7,25,5.3,6.0,35,0.1320754716981132
Eerste Divisie,22/23,De Graafschap,642,0.7750000000000001,25,5.9,6.675,33,0.13135593220338984
Eerste Divisie,22/23,Den Bosch,404,0.07500000000000001,23,4.4,4.475,31,0.017045454545454548
Eerste Divisie,22/23,Dordrecht,1455,0.76,22,3.825,4.585,33,0.19869281045751633
Eerste Divisie,22/23,Eindhoven,3892,1.025,20,4.675,5.7,27,0.2192513368983957
Eerste Divisie,22/23,Helmond Sport,500,0.17500000000000004,19,4.9,5.075,29,0.03571428571428572
Eerste Divisie,22/23,Heracles,1304,2.625,24,8.775,11.4,32,0.29914529914529914
Eerste Divisie,22/23,Jong AZ,11368,8.55,25,8.05,16.6,35,1.062111801242236
Eerste Divisie,22/23,Jong Ajax,8817,1.5500000000000003,17,22.549999999999997,24.1,32,0.06873614190687363
Eerste Divisie,22/23,Jong PSV,9715,8.925,22,20.5,29.425,39,0.43536585365853664
Eerste Divisie,22/23,Jong Utrecht,17596,-0.10000000000000026,26,9.475,9.375,36,-0.01055408970976256
Eerste Divisie,22/23,MVV,384,0.8250000000000001,19,3.775,4.6,26,0.21854304635761593
Eerste Divisie,22/23,NAC Breda,132,1.325,25,6.15,7.4750000000000005,36,0.2154471544715447
Eerste Divisie,22/23,PEC Zwolle,1269,0.8000000000000002,22,9.075,9.875,36,0.08815426997245182
Eerste Divisie,22/23,Roda JC,192,4.3,25,7.275,11.575,30,0.5910652920962198
Eerste Divisie,22/23,TOP Oss,1228,0.4,28,5.8,6.2,32,0.06896551724137931
Eerste Divisie,22/23,Telstar,1434,0.55,20,2.75,3.3,27,0.2
Eerste Divisie,22/23,VVV-Venlo,1426,0.7250000000000001,24,6.45,7.175,27,0.1124031007751938
Eerste Divisie,22/23,Willem II,403,-0.625,23,10.0,9.375,28,-0.0625
Eerste Divisie,23/24,ADO Den Haag,1268,0.925,19,5.05,5.9750000000000005,33,0.1831683168316832
Eerste Divisie,23/24,Cambuur,133,0.375,20,7.925,8.3,31,0.04731861198738171
Eerste Divisie,23/24,De Graafschap,642,1.85,22,5.15,7.0,32,0.3592233009708738
Eerste Divisie,23/24,Den Bosch,404,0.44999999999999996,18,3.325,3.775,33,0.13533834586466165
Eerste Divisie,23/24,Dordrecht,1455,1.5750000000000002,18,3.625,5.2,31,0.4344827586206897
Eerste Divisie,23/24,Eindhoven,3892,0.12500000000000008,19,5.5,5.625,27,0.022727272727272742
Eerste Divisie,23/24,Emmen,1283,-0.4749999999999999,25,8.8,8.325,30,-0.053977272727272714
Eerste Divisie,23/24,Groningen,202,4.4750000000000005,21,15.175,19.650000000000002,33,0.29489291598023065
Eerste Divisie,23/24,Helmond Sport,500,-0.6000000000000001,18,5.2,4.6,27,-0.11538461538461539
Eerste Divisie,23/24,Jong AZ,11368,12.725,30,15.5,28.225,41,0.8209677419354838
Eerste Divisie,23/24,Jong Ajax,8817,16.8,20,24.675,41.475,40,0.6808510638297872
Eerste Divisie,23/24,Jong PSV,9715,8.850000000000001,21,21.5,30.35,38,0.41162790697674423
Eerste Divisie,23/24,Jong Utrecht,17596,1.7,16,3.275,4.975,36,0.5190839694656488
Eerste Divisie,23/24,MVV,384,1.925,15,3.025,4.95,28,0.6363636363636364
Eerste Divisie,23/24,NAC Breda,132,1.8250000000000002,23,6.1,7.925,34,0.2991803278688525
Eerste Divisie,23/24,Roda JC,192,1.35,17,4.775,6.125,30,0.28272251308900526
Eerste Divisie,23/24,TOP Oss,1228,-0.17499999999999993,17,3.8,3.625,31,-0.04605263157894735
Eerste Divisie,23/24,Telstar,1434,-0.15000000000000002,20,4.225,4.075,28,-0.035502958579881665
Eerste Divisie,23/24,VVV-Venlo,1426,1.25,20,4.475,5.7250000000000005,28,0.2793296089385475
Eerste Divisie,23/24,Willem II,403,0.7749999999999999,20,7.425,8.2,26,0.10437710437710437
Eerste Divisie,24/25,ADO Den Haag,1268,-0.4250000000000001,17,5.575,5.15,30,-0.07623318385650225
Eerste Divisie,24/25,Cambuur,133,0.6,23,7.5,8.1,32,0.08
Eerste Divisie,24/25,De Graafschap,642,0.7,25,6.8,7.5,32,0.10294117647058823
Eerste Divisie,24/25,Den Bosch,404,1.15,21,4.525,5.675,33,0.25414364640883974
Eerste Divisie,24/25,Dordrecht,1455,1.9,17,5.15,7.05,37,0.3689320388349514
Eerste Divisie,24/25,Eindhoven,3892,-0.4,17,5.125,4.725,25,-0.07804878048780488
Eerste Divisie,24/25,Emmen,1283,-0.32499999999999996,11,2.35,2.025,27,-0.1382978723404255
Eerste Divisie,24/25,Excelsior,798,-0.2000000000000002,21,10.35,10.15,30,-0.01932367149758456
Eerste Divisie,24/25,Helmond Sport,500,-0.07499999999999993,15,3.85,3.775,26,-0.019480519480519463
Eerste Divisie,24/25,Jong AZ,11368,28.95,28,19.675,48.625,47,1.47141041931385
Eerste Divisie,24/25,Jong Ajax,8817,-22.975,24,62.0,39.025,37,-0.3705645161290323
Eerste Divisie,24/25,Jong PSV,9715,-9.899999999999999,26,82.375,72.475,41,-0.12018209408194232
Eerste Divisie,24/25,Jong Utrecht,17596,5.375,28,14.375,19.75,40,0.3739130434782609
Eerste Divisie,24/25,MVV,384,0.09999999999999995,16,4.075,4.175,28,0.024539877300613484
Eerste Divisie,24/25,Roda JC,192,-1.0749999999999997,26,8.775,7.7,33,-0.12250712250712247
Eerste Divisie,24/25,TOP Oss,1228,0.24999999999999997,19,3.675,3.925,28,0.06802721088435373
Eerste Divisie,24/25,Telstar,1434,1.75,17,3.7,5.45,27,0.47297297297297297
Eerste Divisie,24/25,VVV-Venlo,1426,-0.5499999999999999,23,5.75,5.2,37,-0.09565217391304347
Eerste Divisie,24/25,Vitesse,499,0.7249999999999999,16,3.825,4.55,30,0.18954248366013068
Eerste Divisie,24/25,Volendam,724,1.6749999999999998,20,5.925,7.6,33,0.28270042194092826
Eerste Divisie,25/26,ADO Den Haag,1268,2.1,20,7.05,9.15,28,0.29787234042553196
Eerste Divisie,25/26,Almere City,723,1.5250000000000004,20,7.075,8.6,31,0.21554770318021205
Eerste Divisie,25/26,Cambuur,133,0.9999999999999999,15,4.75,5.75,28,0.21052631578947367
Eerste Divisie,25/26,De Graafschap,642,0.9750000000000001,15,4.2,5.175,27,0.23214285714285715
Eerste Divisie,25/26,Den Bosch,404,1.0250000000000001,19,4.55,5.575,25,0.2252747252747253
Eerste Divisie,25/26,Dordrecht,1455,0.7,20,7.425,8.125,34,0.09427609427609428
Eerste Divisie,25/26,Eindhoven,3892,-0.3500000000000001,17,4.65,4.3,28,-0.07526881720430109
Eerste Divisie,25/26,Emmen,1283,0.625,24,6.325,6.95,35,0.09881422924901186
Eerste Divisie,25/26,Helmond Sport,500,-0.25,15,3.85,3.6,25,-0.06493506493506493
Eerste Divisie,25/26,Jong AZ,11368,14.4,29,23.425,37.825,45,0.6147278548559232
Eerste Divisie,25/26,Jong Ajax,8817,14.625,19,26.3,40.925,38,0.5560836501901141
Eerste Divisie,25/26,Jong PSV,9715,3.0,21,21.95,24.95,33,0.1366742596810934
Eerste Divisie,25/26,Jong Utrecht,17596,-2.725,23,12.575000000000001,9.85,31,-0.21669980119284293
Eerste Divisie,25/26,MVV,384,0.35000000000000003,18,4.3,4.65,30,0.08139534883720931
Eerste Divisie,25/26,RKC Waalwijk,235,0.4750000000000001,26,7.975,8.450000000000001,33,0.05956112852664578
Eerste Divisie,25/26,Roda JC,192,-0.2000000000000001,18,5.025,4.825,29,-0.039800995024875635
Eerste Divisie,25/26,TOP Oss,1228,1.025,20,4.025,5.05,30,0.2546583850931677
Eerste Divisie,25/26,VVV-Venlo,1426,0.5499999999999998,22,4.25,4.8,29,0.1294117647058823
Eerste Divisie,25/26,Vitesse,499,1.025,8,0.925,1.95,25,1.108108108108108
Eerste Divisie,25/26,Willem II,403,1.9500000000000002,19,11.325,13.275,31,0.17218543046357618
Eredivisie,22/23,AZ,1090,60.125,33,61.0,121.125,38,0.985655737704918
Eredivisie,22/23,Ajax,610,79.375,27,214.05,293.425,43,0.37082457369773414
Eredivisie,22/23,Cambuur,133,-2.1999999999999997,24,11.924999999999999,9.725,33,-0.18448637316561844
Eredivisie,22/23,Emmen,1283,1.0999999999999999,28,11.025,12.125,35,0.09977324263038548
Eredivisie,22/23,Excelsior,798,4.2,24,9.0,13.2,30,0.4666666666666667
Eredivisie,22/23,Feyenoord,234,59.5,24,99.85,159.35,35,0.5958938407611417
Eredivisie,22/23,Fortuna Sittard,385,-1.7500000000000002,19,15.925,14.174999999999999,32,-0.1098901098901099
Eredivisie,22/23,Go Ahead Eagles,1435,2.925,20,7.7,10.625,31,0.37987012987012986
Eredivisie,22/23,Groningen,202,2.625,26,25.45,28.075,40,0.1031434184675835
Eredivisie,22/23,Heerenveen,306,22.75,19,16.8,39.55,27,1.3541666666666665
Eredivisie,22/23,NEC,467,1.7250000000000003,18,13.35,15.075,28,0.12921348314606745
Eredivisie,22/23,PSV,383,45.925,29,164.8,210.725,43,0.2786711165048543
Eredivisie,22/23,RKC Waalwijk,235,1.625,23,8.85,10.475,29,0.18361581920903955
Eredivisie,22/23,Sparta Rotterdam,468,12.3,21,8.45,20.75,31,1.455621301775148
Eredivisie,22/23,Twente,317,28.375,25,27.275000000000002,55.65,29,1.0403299725022914
Eredivisie,22/23,Utrecht,200,3.3500000000000005,32,34.4,37.75,40,0.09738372093023258
Eredivisie,22/23,Vitesse,499,-0.7500000000000001,18,19.75,19.0,32,-0.037974683544303806
Eredivisie,22/23,Volendam,724,3.9,25,8.075,11.975,33,0.48297213622291024
Eredivisie,23/24,AZ,1090,18.525000000000002,31,88.525,107.05,40,0.2092629200790737
Eredivisie,23/24,Ajax,610,60.1,29,159.25,219.35,44,0.3773940345368917
Eredivisie,23/24,Almere City,723,3.7750000000000004,25,9.175,12.95,32,0.4114441416893733
Eredivisie,23/24,Excelsior,798,5.35,25,13.775,19.125,31,0.38838475499092556
Eredivisie,23/24,Feyenoord,234,97.425,22,176.075,273.5,31,0.5533153485730513
Eredivisie,23/24,Fortuna Sittard,385,8.625,21,16.2,24.825,33,0.5324074074074074
Eredivisie,23/24,Go Ahead Eagles,1435,10.65,23,11.8,22.45,28,0.9025423728813559
Eredivisie,23/24,Heerenveen,306,1.5999999999999999,20,31.7,33.3,26,0.050473186119873815
Eredivisie,23/24,Heracles,1304,0.725,28,13.325,14.05,34,0.054409005628517824
Eredivisie,23/24,NEC,467,12.975,20,15.8,28.775,32,0.8212025316455696
Eredivisie,23/24,PEC Zwolle,1269,3.0,23,10.575,13.575,32,0.28368794326241137
Eredivisie,23/24,PSV,383,110.675,27,144.525,255.2,35,0.7657844663553018
Eredivisie,23/24,RKC Waalwijk,235,2.5000000000000004,22,9.775,12.275,29,0.2557544757033248
Eredivisie,23/24,Sparta Rotterdam,468,5.75,21,25.05,30.8,29,0.22954091816367264
Eredivisie,23/24,Twente,317,35.95,22,42.45,78.4,28,0.8468786808009423
Eredivisie,23/24,Utrecht,200,-1.6000000000000008,31,51.7,50.1,46,-0.030947775628626707
Eredivisie,23/24,Vitesse,499,-7.175000000000001,24,28.025,20.849999999999998,36,-0.25602140945584306
Eredivisie,23/24,Volendam,724,0.27500000000000024,26,10.675,10.950000000000001,39,0.02576112412177988
Eredivisie,24/25,AZ,1090,58.325,33,68.95,127.275,40,0.8459028281363307
Eredivisie,24/25,Ajax,610,1.4249999999999985,35,239.65,241.075,49,0.005946171500104312
Eredivisie,24/25,Almere City,723,-0.8500000000000003,18,12.325,11.475,32,-0.06896551724137934
Eredivisie,24/25,Feyenoord,234,-10.0,27,291.6,281.6,43,-0.034293552812071325
Eredivisie,24/25,Fortuna Sittard,385,-0.12500000000000006,16,13.75,13.625,30,-0.009090909090909096
Eredivisie,24/25,Go Ahead Eagles,1435,14.375,26,20.075,34.45,32,0.7160647571606475
Eredivisie,24/25,Groningen,202,13.675,26,15.225,28.9,30,0.8981937602627258
Eredivisie,24/25,Heerenveen,306,5.35,20,23.525,28.875,33,0.22741764080765142
Eredivisie,24/25,Heracles,1304,2.575,24,12.65,15.225,32,0.20355731225296445
Eredivisie,24/25,NAC Breda,132,-0.1,21,12.825,12.725,33,-0.0077972709551656924
Eredivisie,24/25,NEC,467,2.15,21,34.8,36.95,30,0.0617816091954023
Eredivisie,24/25,PEC Zwolle,1269,4.925,24,18.025,22.95,30,0.27323162274618584
Eredivisie,24/25,PSV,383,-16.125,29,325.875,309.75,38,-0.04948216340621404
Eredivisie,24/25,RKC Waalwijk,235,-1.65,24,10.425,8.775,31,-0.15827338129496402
Eredivisie,24/25,Sparta Rotterdam,468,-6.700000000000001,28,43.225,36.525,35,-0.15500289184499713
Eredivisie,24/25,Twente,317,10.9,29,74.975,85.875,33,0.14538179393131045
Eredivisie,24/25,Utrecht,200,21.45,28,36.25,57.699999999999996,34,0.5917241379310345
Eredivisie,24/25,Willem II,403,2.5,19,7.875,10.375,30,0.31746031746031744
Eredivisie,25/26,AZ,1090,81.625,33,102.025,183.65,42,0.8000490075961774
Eredivisie,25/26,Ajax,610,32.575,30,166.95,199.525,51,0.19511829889188384
Eredivisie,25/26,Excelsior,798,4.45,23,12.45,16.9,30,0.35742971887550207
Eredivisie,25/26,Feyenoord,234,23.75,24,171.175,194.925,39,0.13874689645100044
Eredivisie,25/26,Fortuna Sittard,385,0.875,25,19.2,20.075,32,0.04557291666666667
Eredivisie,25/26,Go Ahead Eagles,1435,0.5749999999999996,29,31.0,31.575,34,0.018548387096774182
Eredivisie,25/26,Groningen,202,17.475,21,20.625,38.1,27,0.8472727272727273
Eredivisie,25/26,Heerenveen,306,12.175,21,34.3,46.475,27,0.3549562682215744
Eredivisie,25/26,Heracles,1304,-4.7250000000000005,29,17.125,12.4,36,-0.2759124087591241
Eredivisie,25/26,NAC Breda,132,-3.475,20,14.3,10.825,30,-0.243006993006993
Eredivisie,25/26,NEC,467,25.099999999999998,21,33.875,58.975,36,0.7409594095940959
Eredivisie,25/26,PEC Zwolle,1269,-4.3,23,22.225,17.925,30,-0.1934758155230596
Eredivisie,25/26,PSV,383,42.325,27,194.82500000000002,237.15,37,0.21724624663159245
Eredivisie,25/26,Sparta Rotterdam,468,6.85,22,22.425,29.275000000000002,33,0.3054626532887402
Eredivisie,25/26,Telstar,1434,3.75,18,7.375,11.125,28,0.5084745762711864
Eredivisie,25/26,Twente,317,10.3,23,47.45,57.75,32,0.21707060063224448
Eredivisie,25/26,Utrecht,200,10.125,30,61.975,72.1,39,0.16337232755143202
Eredivisie,25/26,Volendam,724,2.825,28,12.15,14.975,35,0.23251028806584362
