league,season,club,games,pts,gf,ga,xg,xga,xpts,est_share,season_len,partial,is_reserve,team_id,squad_value_m,pts_pg,xpts_pg,value_rank,xg_source,predicted_xpts_pg,predicted_xpts,club_skill,pts_vs_budget,luck,growth_m,growth_pct,n_matched,n_squad
Eerste Divisie,22/23,ADO Den Haag,38,51,51.0,57.0,52.1765891871496,44.59753799384177,57.126820967284104,1.0,38,False,False,1268,9.3,1.3421052631578947,1.5033373938758974,11.0,estimated,1.4677268040773344,55.77361855493871,1.3532024123453947,-4.773618554938707,-6.126820967284102,0.3250000000000002,0.04467353951890037,30.0,36.0
Eerste Divisie,22/23,Almere City,38,70,58.0,41.0,49.6702735004159,39.04350304221669,58.873690969687864,1.0,38,False,False,723,9.4,1.8421052631578947,1.549307657097049,10.0,estimated,1.4736798988816728,55.999836157503566,2.8738548121842937,14.00016384249643,11.126309030312136,0.7,0.1320754716981132,25.0,35.0
Eerste Divisie,22/23,De Graafschap,38,52,64.0,54.0,56.86801188500805,42.72118980421148,58.48288651215519,1.0,38,False,False,642,7.43,1.368421052631579,1.539023329267242,14.0,estimated,1.3427744484159014,51.02542903980425,7.4574574723509395,0.9745709601957468,-6.482886512155193,0.7750000000000001,0.13135593220338984,25.0,33.0
Eerste Divisie,22/23,Den Bosch,38,35,46.0,85.0,35.16840617284882,64.87433274962454,35.216651750693146,1.0,38,False,False,404,5.35,0.9210526315789473,0.9267539934392933,19.0,estimated,1.1599677262120494,44.07877359605788,-8.86212184536473,-9.078773596057877,-0.21665175069314713,0.07500000000000001,0.017045454545454548,23.0,31.0
Eerste Divisie,22/23,Dordrecht,38,35,41.0,68.0,39.45423155730577,60.31920719020309,39.355621322981484,1.0,38,False,False,1455,6.44,0.9210526315789473,1.0356742453416181,17.0,estimated,1.2631808455521158,48.000872130980405,-8.645250807998913,-13.000872130980403,-4.35562132298149,0.76,0.19869281045751633,22.0,33.0
Eerste Divisie,22/23,Eindhoven,38,58,58.0,54.0,45.73722371208167,39.794781286973866,56.01153327016418,1.0,38,False,False,3892,7.7,1.5263157894736843,1.4739877176358995,13.0,estimated,1.3626423138241957,51.78040792531944,4.231125344844747,6.219592074680568,1.988466729835821,1.025,0.2192513368983957,20.0,27.0
Eerste Divisie,22/23,Helmond Sport,38,43,39.0,57.0,37.0400819368158,43.38353629188064,47.849806452172174,1.0,38,False,False,500,6.5,1.131578947368421,1.2592054329518994,16.0,estimated,1.2683426357909244,48.19702016005513,-0.34721370788295314,-5.19702016005513,-4.849806452172176,0.17500000000000004,0.03571428571428572,19.0,29.0
Eerste Divisie,22/23,Heracles,38,85,103.0,42.0,62.97869252986126,38.9602374963948,67.04438794662093,1.0,38,False,False,1304,13.98,2.236842105263158,1.7643259985952877,5.0,estimated,1.694608079569859,64.39510702365465,2.6492809229662897,20.604892976345358,17.95561205337907,2.625,0.29914529914529914,24.0,32.0
Eerste Divisie,22/23,Jong AZ,38,51,60.0,58.0,44.91490649468565,48.29706220636442,49.041170003032995,1.0,38,False,True,11368,18.8,1.3421052631578947,1.2905571053429736,3.0,estimated,1.8594918983695357,70.66069213804235,-21.61952213500936,-19.660692138042357,1.9588299969670002,8.55,1.062111801242236,25.0,35.0
Eerste Divisie,22/23,Jong Ajax,38,46,69.0,72.0,48.780001698188585,62.671388343273776,45.70203787980195,1.0,38,False,True,8817,47.03,1.2105263157894737,1.2026852073632093,2.0,estimated,2.3698627888751314,90.054785977255,-44.35274809745304,-44.054785977254994,0.29796212019804713,1.5500000000000003,0.06873614190687363,17.0,32.0
Eerste Divisie,22/23,Jong PSV,38,45,59.0,63.0,45.29674998704811,45.28526449002539,50.60610927695923,1.0,38,False,True,9715,50.78,1.1842105263157894,1.3317397178147166,1.0,estimated,2.4125640993914006,91.67743577687322,-41.071326499913994,-46.677435776873224,-5.6061092769592324,8.925,0.43536585365853664,22.0,39.0
Eerste Divisie,22/23,Jong Utrecht,38,28,33.0,65.0,43.86888753196308,51.056254893706125,45.791518948734144,1.0,38,False,True,17596,15.7,0.7368421052631579,1.205039972335109,4.0,estimated,1.7591930848305986,66.84933722356274,-21.057818274828602,-38.84933722356275,-17.791518948734147,-0.10000000000000026,-0.01055408970976256,26.0,36.0
Eerste Divisie,22/23,MVV,38,59,65.0,65.0,53.323934153765606,66.18891327628903,45.751297707006216,1.0,38,False,False,384,5.98,1.5526315789473684,1.2039815186054268,18.0,estimated,1.2219316769534339,46.43340372423049,-0.6821060172242683,12.56659627576951,13.24870229299378,0.8250000000000001,0.21854304635761593,19.0,26.0
Eerste Divisie,22/23,NAC Breda,38,59,64.0,64.0,42.29648448790423,50.74324619680573,46.747084550167166,1.0,38,False,False,132,10.2,1.5526315789473684,1.2301864355307148,8.0,estimated,1.5191426308145783,57.727419970953974,-10.980335420786814,1.2725800290460207,12.252915449832834,1.325,0.2154471544715447,25.0,36.0
Eerste Divisie,22/23,PEC Zwolle,38,85,99.0,43.0,72.53562385392105,40.52401995061866,71.14663666110584,1.0,38,False,False,1269,12.83,2.236842105263158,1.8722799121343643,7.0,estimated,1.6468278907027565,62.579459846704744,8.567176814401098,22.420540153295256,13.853363338894159,0.8000000000000002,0.08815426997245182,22.0,36.0
Eerste Divisie,22/23,Roda JC,38,43,49.0,59.0,49.51039593333885,44.26237288020839,56.170596693492065,1.0,38,False,False,192,12.9,1.131578947368421,1.4781735971971597,6.0,estimated,1.6498564744737152,62.69454603000118,-6.5239493365091095,-19.694546030001177,-13.170596693492069,4.3,0.5910652920962198,25.0,30.0
Eerste Divisie,22/23,TOP Oss,38,37,45.0,76.0,35.132254677440024,63.10694069850895,34.978310095949084,1.0,38,False,False,1228,6.73,0.9736842105263158,0.9204818446302391,15.0,estimated,1.2876975840734106,48.932508194789605,-13.954198098840518,-11.932508194789602,2.021689904050916,0.4,0.06896551724137931,28.0,32.0
Eerste Divisie,22/23,Telstar,38,53,39.0,52.0,46.407088760315375,43.511521682854315,53.40145341090151,1.0,38,False,False,1434,5.0,1.394736842105263,1.4053014055500397,20.0,estimated,1.1223083095940063,42.64771576457224,10.753737646329268,10.352284235427756,-0.401453410901512,0.55,0.2,20.0,27.0
Eerste Divisie,22/23,VVV-Venlo,38,58,56.0,51.0,51.24077567067476,46.5515657814816,55.92419817275048,1.0,38,False,False,1426,7.98,1.5263157894736843,1.4716894255986968,12.0,estimated,1.3825233221483564,52.53588624163754,3.388311931112934,5.46411375836246,2.0758018272495264,0.7250000000000001,0.1124031007751938,24.0,27.0
Eerste Divisie,22/23,Willem II,38,68,68.0,40.0,54.28854219045446,30.796279665703373,68.35800451921055,1.0,38,False,False,403,9.95,1.7894736842105263,1.7988948557686988,9.0,estimated,1.505330282897393,57.20255075010093,11.155453769109624,10.79744924989907,-0.35800451921055343,-0.625,-0.0625,23.0,28.0
Eerste Divisie,23/24,ADO Den Haag,38,63,72.0,50.0,54.9401478260969,42.43022830382169,59.895920150244834,1.0,38,False,False,1268,9.98,1.6578947368421053,1.576208425006443,11.0,estimated,1.5070059762604784,57.26622709789818,2.6296930523466546,5.733772902101823,3.1040798497551685,0.925,0.1831683168316832,19.0,33.0
Eerste Divisie,23/24,Cambuur,38,47,71.0,74.0,59.367140784350326,52.30213181385723,56.68840111899235,1.0,38,False,False,133,10.1,1.236842105263158,1.4918000294471672,9.0,estimated,1.5136587533685866,57.519032628006286,-0.8306315090139376,-10.519032628006286,-9.68840111899235,0.375,0.04731861198738171,20.0,31.0
Eerste Divisie,23/24,De Graafschap,38,63,61.0,52.0,54.10221418683347,46.35367952432788,57.09742948713122,1.0,38,False,False,642,8.03,1.6578947368421053,1.5025639338718744,14.0,estimated,1.3859999671702359,52.66799875246896,4.429430734662263,10.33200124753104,5.902570512868776,1.85,0.3592233009708738,22.0,32.0
Eerste Divisie,23/24,Den Bosch,38,33,38.0,68.0,38.0614743219719,46.25956724094418,46.3662895305528,1.0,38,False,False,404,8.18,0.868421052631579,1.2201655139619156,13.0,estimated,1.3963014775895732,53.05945614840378,-6.693166617850989,-20.059456148403783,-13.366289530552793,0.44999999999999996,0.13533834586466165,18.0,33.0
Eerste Divisie,23/24,Dordrecht,38,69,74.0,51.0,53.57616379757588,52.64488702481851,52.72958359165752,1.0,38,False,False,1455,11.58,1.8157894736842106,1.3876206208330928,6.0,estimated,1.589771729330137,60.41132571454521,-7.68174212288768,8.588674285454797,16.270416408342477,1.5750000000000002,0.4344827586206897,18.0,31.0
Eerste Divisie,23/24,Eindhoven,38,43,45.0,57.0,48.23870069207704,49.234353978762634,50.32738324268687,1.0,38,False,False,3892,7.15,1.131578947368421,1.3244048221759703,16.0,estimated,1.3213931452255137,50.21293951856952,0.1144437241173537,-7.21293951856952,-7.327383242686874,0.12500000000000008,0.022727272727272742,19.0,27.0
Eerste Divisie,23/24,Emmen,38,57,59.0,60.0,48.273488384476906,44.680906425731784,54.318762491619985,1.0,38,False,False,1283,9.23,1.5,1.429441118200526,12.0,estimated,1.4635214269128132,55.6138142226869,-1.2950517310669127,1.3861857773130994,2.681237508380012,-0.4749999999999999,-0.053977272727272714,25.0,30.0
Eerste Divisie,23/24,Groningen,38,75,71.0,30.0,60.731364947268936,29.59241051837499,70.83247115499968,1.0,38,False,False,202,22.23,1.9736842105263157,1.864012398815781,4.0,estimated,1.9527717050661868,74.2053247925151,-3.372853637515418,0.7946752074848984,4.167528845000316,4.4750000000000005,0.29489291598023065,21.0,33.0
Eerste Divisie,23/24,Helmond Sport,38,51,52.0,55.0,43.29440117441748,52.89724271005377,46.33778267357835,1.0,38,False,False,500,7.03,1.3421052631578947,1.2194153335152198,17.0,estimated,1.3119721746249253,49.854942635747165,-3.51715996216881,1.1450573642528359,4.662217326421645,-0.6000000000000001,-0.11538461538461539,18.0,27.0
Eerste Divisie,23/24,Jong AZ,38,56,62.0,61.0,48.31214443827185,52.61452857923357,49.3684615115113,1.0,38,False,True,11368,37.98,1.4736842105263157,1.299170039776613,3.0,estimated,2.2509009665117907,85.53423672744805,-36.165775215936755,-29.53423672744805,6.631538488488701,12.725,0.8209677419354838,30.0,41.0
Eerste Divisie,23/24,Jong Ajax,38,40,54.0,69.0,45.09774788398512,57.95603745809492,44.853083728961344,1.0,38,False,True,8817,87.65,1.0526315789473684,1.1803443086568775,1.0,estimated,2.716388616829014,103.22276743950253,-58.36968371054118,-63.22276743950253,-4.853083728961345,16.8,0.6808510638297872,20.0,40.0
Eerste Divisie,23/24,Jong PSV,38,40,63.0,81.0,48.80965248663773,60.48078889980591,45.02230734387808,1.0,38,False,True,9715,70.1,1.0526315789473684,1.1847975616810023,2.0,estimated,2.592026113202604,98.49699230169895,-53.47468495782086,-58.49699230169895,-5.022307343878088,8.850000000000001,0.41162790697674423,21.0,38.0
Eerste Divisie,23/24,Jong Utrecht,38,26,32.0,74.0,41.1405378488082,60.809424213386855,40.483842582422966,1.0,38,False,True,17596,10.05,0.6842105263157895,1.065364278484815,10.0,estimated,1.5108964198659427,57.41406395490582,-16.930221372482855,-31.41406395490582,-14.483842582422968,1.7,0.5190839694656488,16.0,36.0
Eerste Divisie,23/24,MVV,38,56,64.0,60.0,44.325593115902706,59.347293371465476,43.67236061873149,1.0,38,False,False,384,6.85,1.4736842105263157,1.1492726478613549,18.0,estimated,1.2975348190632066,49.30632312440185,-5.633962505670365,6.693676875598148,12.327639381268511,1.925,0.6363636363636364,15.0,28.0
Eerste Divisie,23/24,NAC Breda,38,56,63.0,56.0,49.13542107327399,37.273066958957145,59.46464138797965,1.0,38,False,False,132,12.38,1.4736842105263157,1.5648589838942013,5.0,estimated,1.6269547702141298,61.824281268136936,-2.3596398801572835,-5.824281268136936,-3.4646413879796527,1.8250000000000002,0.2991803278688525,23.0,34.0
Eerste Divisie,23/24,Roda JC,38,75,69.0,34.0,52.171972697442676,40.03267881238898,60.37690095933024,1.0,38,False,False,192,10.53,1.9736842105263157,1.588865814719217,7.0,estimated,1.5368654004580369,58.4008852174054,1.9760157419248428,16.599114782594597,14.623099040669754,1.35,0.28272251308900526,17.0,30.0
Eerste Divisie,23/24,TOP Oss,38,34,32.0,66.0,35.75006398957715,55.497937476675524,39.93233800215216,1.0,38,False,False,1228,5.63,0.8947368421052632,1.0508510000566358,19.0,estimated,1.1883619580061733,45.15775440423459,-5.225416402082425,-11.157754404234584,-5.93233800215216,-0.17499999999999993,-0.04605263157894735,17.0,31.0
Eerste Divisie,23/24,Telstar,38,35,47.0,68.0,44.26066822560217,52.542874254426906,47.8277146483524,1.0,38,False,False,1434,5.33,0.9210526315789473,1.258624069693484,20.0,estimated,1.1578830456538973,43.9995557348481,3.828158913504296,-8.9995557348481,-12.827714648352394,-0.15000000000000002,-0.035502958579881665,20.0,28.0
Eerste Divisie,23/24,VVV-Venlo,38,48,53.0,58.0,48.481053345095546,47.07893738450801,53.249620026022434,1.0,38,False,False,1426,7.6,1.263157894736842,1.401305790158485,15.0,estimated,1.3553662748119693,51.50391844285483,1.7457015831676026,-3.5039184428548342,-5.249620026022437,1.25,0.2793296089385475,20.0,28.0
Eerste Divisie,23/24,Willem II,38,79,77.0,35.0,55.15122045414434,33.192196724174366,65.27257406790036,1.0,38,False,False,403,10.28,2.0789473684210527,1.7176993175763253,8.0,estimated,1.5234911612010047,57.89266412563818,7.379909942262184,21.107335874361823,13.727425932099639,0.7749999999999999,0.10437710437710437,20.0,26.0
Eerste Divisie,24/25,ADO Den Haag,38,70,69.0,47.0,61.955769493577364,45.29278727672411,62.7019812245632,1.0,38,False,False,1268,8.93,1.8421052631578947,1.6500521374885053,11.0,estimated,1.4451295865915847,54.91492429048022,7.787056934082981,15.085075709519778,7.2980187754367964,-0.4250000000000001,-0.07623318385650225,17.0,30.0
Eerste Divisie,24/25,Cambuur,38,71,63.0,42.0,61.334141726326365,45.52411986848672,62.624775614697505,1.0,38,False,False,133,10.95,1.868421052631579,1.6480204109130923,7.0,estimated,1.5586350097642963,59.22813037104326,3.3966452436542482,11.771869628956743,8.375224385302495,0.6,0.08,23.0,32.0
Eerste Divisie,24/25,De Graafschap,38,65,73.0,50.0,62.208844346945355,45.83293819907142,62.396125427404904,1.0,38,False,False,642,9.6,1.7105263157894737,1.6420033007211816,9.0,estimated,1.4853984171508954,56.44513985173403,5.950985575670877,8.554860148265975,2.6038745725950982,0.7,0.10294117647058823,25.0,32.0
Eerste Divisie,24/25,Den Bosch,38,55,53.0,48.0,49.31344979019933,46.21741154427809,53.478603070619016,1.0,38,False,False,404,8.73,1.4473684210526316,1.407331659753132,12.0,estimated,1.4325218208745332,54.43582919323226,-0.9572261226132439,0.5641708067677418,1.5213969293809857,1.15,0.25414364640883974,21.0,33.0
Eerste Divisie,24/25,Dordrecht,38,68,69.0,46.0,57.85921374227947,52.794962173810674,55.57336292283997,1.0,38,False,False,1455,12.48,1.7894736842105263,1.4624569190221044,6.0,estimated,1.6314327433478135,61.99444424721691,-6.421081324376947,6.005555752783087,12.426637077160034,1.9,0.3689320388349514,17.0,37.0
Eerste Divisie,24/25,Eindhoven,38,51,58.0,64.0,49.613305326691425,51.71019791862328,51.47131761070265,1.0,38,False,False,3892,6.68,1.3421052631578947,1.3545083581763855,18.0,estimated,1.2835468634339238,48.774780810489105,2.6965368002135452,2.225219189510895,-0.4713176107026502,-0.4,-0.07804878048780488,17.0,25.0
Eerste Divisie,24/25,Emmen,38,56,56.0,53.0,55.406584543144625,48.000324146817924,56.97462849955611,1.0,38,False,False,1283,6.85,1.4736842105263157,1.4993323289356872,16.0,estimated,1.2975348190632066,49.30632312440185,7.668305375154266,6.693676875598148,-0.9746284995561183,-0.32499999999999996,-0.1382978723404255,11.0,27.0
Eerste Divisie,24/25,Excelsior,38,74,74.0,38.0,66.99539391664771,37.513154044217345,71.08674093169212,1.0,38,False,False,798,14.78,1.9473684210526316,1.87070370872874,5.0,estimated,1.7255818033153905,65.57210852598483,5.51463240570728,8.427891474015166,2.913259068307885,-0.2000000000000002,-0.01932367149758456,21.0,30.0
Eerste Divisie,24/25,Helmond Sport,38,46,53.0,61.0,48.45074970597502,53.334007113351625,48.544589548813576,1.0,38,False,False,500,6.83,1.2105263157894737,1.2774891986529888,17.0,estimated,1.2959073060370536,49.24447762940804,-0.6998880805944623,-3.244477629408038,-2.5445895488135757,-0.07499999999999993,-0.019480519480519463,15.0,26.0
Eerste Divisie,24/25,Jong AZ,38,52,69.0,63.0,51.65771288568256,57.432094226854,49.20623462639927,1.0,38,False,True,11368,51.78,1.368421052631579,1.2949009112210335,3.0,estimated,2.42341875419529,92.08991265942102,-42.88367803302175,-40.089912659421024,2.79376537360073,28.95,1.47141041931385,28.0,47.0
Eerste Divisie,24/25,Jong Ajax,38,36,37.0,52.0,41.76007927661481,62.131411001790994,40.00864503978153,1.0,38,False,True,8817,52.73,0.9473684210526315,1.0528590799942508,2.0,estimated,2.4335382292751113,92.47445271245422,-52.4658076726727,-56.47445271245424,-4.008645039781531,-22.975,-0.3705645161290323,24.0,37.0
Eerste Divisie,24/25,Jong PSV,38,30,55.0,86.0,49.862712398293034,71.43764708478422,41.106670292583445,1.0,38,False,True,9715,87.8,0.7894736842105263,1.081754481383775,1.0,estimated,2.7173403566876475,103.2589335541306,-62.152263261547155,-73.2589335541306,-11.106670292583448,-9.899999999999999,-0.12018209408194232,26.0,41.0
Eerste Divisie,24/25,Jong Utrecht,38,23,31.0,82.0,38.85894138257727,63.59689771784461,37.72376161571134,1.0,38,False,True,17596,30.15,0.6052631578947368,0.9927305688345089,4.0,estimated,2.122393971382455,80.6509709125333,-42.92720929682196,-57.650970912533296,-14.72376161571134,5.375,0.3739130434782609,28.0,40.0
Eerste Divisie,24/25,MVV,38,40,52.0,59.0,51.975538491422284,61.865646127682545,45.65632662153589,1.0,38,False,False,384,6.13,1.0526315789473684,1.2014822795141022,19.0,estimated,1.2357212110604776,46.95740602029815,-1.3010793987622638,-6.957406020298151,-5.656326621535888,0.09999999999999995,0.024539877300613484,16.0,28.0
Eerste Divisie,24/25,Roda JC,38,49,49.0,57.0,54.58891901968386,53.05281149155929,54.109682857239804,1.0,38,False,False,192,10.18,1.2894736842105263,1.4239390225589421,8.0,estimated,1.5180501691127948,57.6859064262862,-3.5762235690464013,-8.685906426286202,-5.1096828572398,-1.0749999999999997,-0.12250712250712247,26.0,33.0
Eerste Divisie,24/25,TOP Oss,38,38,31.0,61.0,36.32113197476433,62.66845653200442,36.06485005114353,1.0,38,False,False,1228,5.55,1.0,0.9490750013458824,20.0,estimated,1.1803960394558,44.8550494993204,-8.790199448176867,-6.8550494993203985,1.9351499488564685,0.24999999999999997,0.06802721088435373,19.0,28.0
Eerste Divisie,24/25,Telstar,38,61,69.0,47.0,59.60168028796312,44.25803333041568,62.25437541909419,1.0,38,False,False,1434,7.55,1.605263157894737,1.638273037344584,14.0,estimated,1.3516922742886373,51.36430642296821,10.890068996125976,9.635693577031788,-1.2543754190941865,1.75,0.47297297297297297,17.0,27.0
Eerste Divisie,24/25,VVV-Venlo,38,41,44.0,69.0,51.03683715683219,57.616566979533786,48.581980807249174,1.0,38,False,False,1426,8.13,1.0789473684210527,1.278473179138136,13.0,estimated,1.392888781071832,52.92977368072962,-4.347792873480445,-11.929773680729616,-7.58198080724917,-0.5499999999999999,-0.09565217391304347,23.0,37.0
Eerste Divisie,24/25,Vitesse,38,44,54.0,73.0,51.40082196632633,59.79931323551445,47.61666659636755,1.0,38,False,False,499,7.33,1.1578947368421053,1.2530701735886198,15.0,estimated,1.3352322048519984,50.73882378437594,-3.1221571880083876,-6.738823784375939,-3.6166665963675517,0.7249999999999999,0.18954248366013068,16.0,30.0
Eerste Divisie,24/25,Volendam,38,82,87.0,48.0,69.60950605334946,49.73255347193076,64.05117268356271,1.0,38,False,False,724,9.33,2.1578947368421053,1.6855571758832293,10.0,estimated,1.4695194273929186,55.84173824093091,8.209434442631805,26.158261759069095,17.94882731643729,1.6749999999999998,0.28270042194092826,20.0,33.0
Eerste Divisie,25/26,ADO Den Haag,38,89,90.0,37.0,74.43,37.99,74.01215379933856,0.0,38,False,False,1268,11.95,2.3421052631578947,1.9476882578773307,8.0,real,1.6072780895815468,61.07656740409878,12.935586395239786,27.923432595901218,14.987846200661432,2.1,0.29787234042553196,20.0,28.0
Eerste Divisie,25/26,Almere City,38,58,78.0,63.0,69.54,56.41,59.79459727801858,0.0,38,False,False,723,11.85,1.5263157894736843,1.5735420336320678,9.0,real,1.6026006750110224,60.89882565041885,-1.1042283724002764,-2.8988256504188494,-1.794597278018573,1.5250000000000004,0.21554770318021205,20.0,31.0
Eerste Divisie,25/26,Cambuur,38,78,75.0,48.0,65.22,48.54,61.19243885517051,0.0,38,False,False,133,13.55,2.0526315789473686,1.6103273382939607,6.0,real,1.677218950510857,63.734320119412565,-2.5418812642420603,14.26567988058744,16.8075611448295,0.9999999999999999,0.21052631578947367,15.0,28.0
Eerste Divisie,25/26,De Graafschap,38,63,74.0,58.0,79.26,60.22,62.40445531231401,0.0,38,False,False,642,10.93,1.6578947368421053,1.6422225082187898,10.0,real,1.557617442646565,59.18946282056947,3.2149924917445425,3.8105371794305323,0.5955446876859898,0.9750000000000001,0.23214285714285715,15.0,27.0
Eerste Divisie,25/26,Den Bosch,38,51,65.0,69.0,58.66,60.72,50.513830206470885,0.0,38,False,False,404,6.78,1.3421052631578947,1.329311321222918,15.0,real,1.291817581110505,49.08906808219919,1.4247621242716906,1.9109319178008066,0.48616979352911605,1.0250000000000001,0.2252747252747253,19.0,25.0
Eerste Divisie,25/26,Dordrecht,38,47,48.0,56.0,56.4,51.45,55.567707628866316,0.0,38,False,False,1455,14.1,1.236842105263158,1.462308095496482,5.0,real,1.6993654509103224,64.57588713459225,-9.008179505725936,-17.57588713459225,-8.567707628866312,0.7,0.09427609427609428,20.0,34.0
Eerste Divisie,25/26,Eindhoven,38,47,51.0,69.0,51.45,63.95,45.66399649822388,0.0,38,False,False,3892,6.3,1.236842105263158,1.2016841183743125,18.0,real,1.2509471869792312,47.535993105210785,-1.8719966069869103,-0.5359931052107845,1.3360035017761258,-0.3500000000000001,-0.07526881720430109,17.0,28.0
Eerste Divisie,25/26,Emmen,38,45,58.0,72.0,62.410000000000004,64.64,51.717356035415285,0.0,38,False,False,1283,9.53,1.1842105263157894,1.36098305356356,12.0,real,1.4813249401006914,56.29034772382627,-4.572991688410989,-11.290347723826276,-6.717356035415287,0.625,0.09881422924901186,24.0,35.0
Eerste Divisie,25/26,Helmond Sport,38,39,42.0,62.0,48.82,61.19,46.39713241748099,0.0,38,False,False,500,6.23,1.0263157894736843,1.2209771688810787,19.0,real,1.2447280266543501,47.299665012865304,-0.9025325953843155,-8.299665012865301,-7.397132417480986,-0.25,-0.06493506493506493,15.0,25.0
Eerste Divisie,25/26,Jong AZ,38,40,61.0,76.0,55.02,63.29,48.5829873567198,0.0,38,False,True,11368,51.23,1.0526315789473684,1.2784996672820998,2.0,real,2.4174749061950065,91.86404643541024,-43.281059078690454,-51.86404643541025,-8.582987356719796,14.4,0.6147278548559232,29.0,45.0
Eerste Divisie,25/26,Jong Ajax,38,35,50.0,73.0,46.89,73.2,38.95473578276221,0.0,38,False,True,8817,49.23,0.9210526315789473,1.0251246258621634,3.0,real,2.395309562284244,91.02176336680128,-52.067027584039074,-56.02176336680128,-3.9547357827622083,14.625,0.5560836501901141,19.0,38.0
Eerste Divisie,25/26,Jong PSV,38,56,66.0,64.0,55.75,68.15,46.771199205141805,0.0,38,False,True,9715,59.1,1.4736842105263157,1.230821031714258,1.0,real,2.4970174723761485,94.88666395029364,-48.11546474515183,-38.886663950293645,9.228800794858191,3.0,0.1366742596810934,21.0,33.0
Eerste Divisie,25/26,Jong Utrecht,38,46,58.0,62.0,60.13,56.71,54.687841454025815,0.0,38,False,True,17596,12.55,1.2105263157894737,1.4391537224743636,7.0,real,1.6345460262615374,62.112748997938425,-7.424907543912607,-16.112748997938425,-8.687841454025817,-2.725,-0.21669980119284293,23.0,31.0
Eerste Divisie,25/26,MVV,38,38,41.0,73.0,40.19,77.37,33.121426288989134,0.0,38,False,False,384,6.9,1.0,0.8716164812891878,14.0,real,1.3015829027851653,49.46015030583628,-16.338724016847145,-11.460150305836281,4.878573711010864,0.35000000000000003,0.08139534883720931,18.0,30.0
Eerste Divisie,25/26,RKC Waalwijk,38,58,71.0,59.0,61.17,49.82,59.98815533938259,0.0,38,False,False,235,10.45,1.5263157894736843,1.5786356668258577,11.0,real,1.5326205062263702,58.23957923660207,1.7485761027805213,-0.23957923660206637,-1.9881553393825877,0.4750000000000001,0.05956112852664578,26.0,33.0
Eerste Divisie,25/26,Roda JC,38,55,59.0,54.0,65.21,50.96,60.90076451941094,0.0,38,False,False,192,7.78,1.4473684210526316,1.6026516978792353,13.0,real,1.3683954302451073,51.99902634931408,8.901738170096863,3.000973650685923,-5.900764519410941,-0.2000000000000001,-0.039800995024875635,18.0,29.0
Eerste Divisie,25/26,TOP Oss,38,44,54.0,64.0,49.47,62.4,44.795754315467065,0.0,38,False,False,1228,6.41,1.1578947368421053,1.1788356398807123,16.0,real,1.260581888028479,47.9021117450822,-3.106357429615133,-3.9021117450821974,-0.7957543154670645,1.025,0.2546583850931677,20.0,30.0
Eerste Divisie,25/26,VVV-Venlo,38,45,50.0,58.0,60.87,61.58,52.51078263915153,0.0,38,False,False,1426,6.38,1.1842105263157894,1.3818627010303033,17.0,real,1.257970738321727,47.80288805622562,4.707894582925903,-2.8028880562256258,-7.510782639151529,0.5499999999999998,0.1294117647058823,22.0,29.0
Eerste Divisie,25/26,Vitesse,38,56,64.0,55.0,56.75,58.26,50.28139936923252,0.0,38,False,False,499,5.65,1.4736842105263157,1.323194720242961,20.0,real,1.1903357510616672,45.232758540343355,5.048640828889164,10.767241459656642,5.718600630767478,1.025,1.108108108108108,8.0,25.0
Eerste Divisie,25/26,Willem II,38,68,59.0,42.0,62.64,53.43,58.41049110131475,0.0,38,False,False,403,16.4,1.7894736842105263,1.5371181868767039,4.0,real,1.783472718432705,67.77196330044279,-9.361472199128045,0.2280366995572085,9.589508898685253,1.9500000000000002,0.17218543046357618,19.0,31.0
Eerste Divisie,26/27,Almere City,7,16,16.0,4.0,14.09,11.219999999999999,11.269640163894056,0.0,38,True,False,723,9.43,2.2857142857142856,1.609948594842008,4.0,real,1.4754534820871632,56.067232319312204,5.110814284684103,30.78991053783065,25.679096253146547,,,,
Eerste Divisie,26/27,De Graafschap,6,4,7.0,18.0,7.6899999999999995,15.26,4.689841922133295,0.0,38,True,False,642,6.95,0.6666666666666666,0.7816403203555492,9.0,real,1.3056017582109334,49.61286681201547,-19.9105346385046,-24.279533478682136,-4.368998840177538,,,,
Eerste Divisie,26/27,Den Bosch,7,7,12.0,16.0,14.85,12.95,10.699108181325656,0.0,38,True,False,404,5.18,1.0,1.5284440259036651,13.0,real,1.1419939822227505,43.39577132446452,14.685101659874755,-5.395771324464519,-20.080872984339276,,,,
Eerste Divisie,26/27,Dordrecht,7,4,9.0,21.0,9.01,15.54,7.576865040157926,0.0,38,True,False,1455,5.78,0.5714285714285714,1.0824092914511323,11.0,real,1.2029975704698,45.7139076778524,-4.582354602709371,-23.999621963566685,-19.417267360857313,,,,
Eerste Divisie,26/27,Eindhoven,7,10,11.0,13.0,8.44,13.59,6.9396046868653105,0.0,38,True,False,3892,3.43,1.4285714285714286,0.9913720981236158,20.0,real,0.9125347950050813,34.67632221019309,2.9958175185043125,19.6093920755212,16.613574557016886,,,,
Eerste Divisie,26/27,Emmen,7,12,17.0,17.0,17.13,11.03,12.564763179395872,0.0,38,True,False,1283,4.88,1.7142857142857142,1.7949661684851246,15.0,real,1.1087867768577182,42.133897520593294,26.074816881841443,23.00895962226385,-3.065857259577595,,,,
Eerste Divisie,26/27,Helmond Sport,7,8,13.0,12.0,8.54,11.08,8.092140352581799,0.0,38,True,False,500,4.58,1.1428571428571428,1.1560200503688285,16.0,real,1.0734720351180418,40.79193733448559,3.1368245795298946,2.636634094085838,-0.5001904854440564,,,,
Eerste Divisie,26/27,Heracles,7,18,24.0,10.0,19.32,8.84,15.355388773735001,0.0,38,True,False,1304,7.1,2.5714285714285716,2.193626967676429,8.0,real,1.317487100715895,50.06450982720401,33.29331494450028,47.64977588708171,14.356460942581425,,,,
Eerste Divisie,26/27,Jong AZ,9,13,22.0,17.0,16.2,14.71,13.315997786994428,0.0,38,True,True,11368,11.4,1.4444444444444444,1.4795553096660476,2.0,real,1.581051826840619,60.079969419943524,-3.856867652633714,-5.191080531054636,-1.3342128784209226,,,,
Eerste Divisie,26/27,Jong Ajax,9,8,13.0,22.0,14.84,18.759999999999998,11.162800190740164,0.0,38,True,True,8817,11.98,0.8888888888888888,1.2403111323044627,1.0,real,1.6086736834385698,61.12959997066565,-13.99777694309607,-27.351822192887873,-13.354045249791806,,,,
Eerste Divisie,26/27,Jong PSV,8,12,13.0,13.0,14.78,9.540000000000001,13.634471597162921,0.0,38,True,True,9715,5.3,1.5,1.7043089496453652,12.0,real,1.1547413116775247,43.88016984374594,20.88357024277794,13.11983015625406,-7.763740086523876,,,,
Eerste Divisie,26/27,Jong Utrecht,9,7,15.0,21.0,11.96,17.89,9.181381011074654,0.0,38,True,True,17596,4.03,0.7777777777777778,1.0201534456749615,18.0,real,1.0022635787577399,38.08601599279412,0.6798149428544211,-8.530460437238558,-9.21027538009298,,,,
Eerste Divisie,26/27,MVV,7,13,10.0,15.0,7.51,9.34,8.308048895036748,0.0,38,True,False,384,4.4,1.8571428571428572,1.1868641278623926,17.0,real,1.0511550970487837,39.94389368785378,5.1569431709171365,30.627534883574793,25.470591712657654,,,,
Eerste Divisie,26/27,NAC Breda,6,7,11.0,14.0,13.559999999999999,9.82,10.321006011789324,0.0,38,True,False,132,10.33,1.1666666666666667,1.720167668631554,3.0,real,1.5261918412124378,57.99528996607263,7.371081441926412,-13.6619566327393,-21.03303807466571,,,,
Eerste Divisie,26/27,RKC Waalwijk,7,13,18.0,9.0,10.940000000000001,7.26,11.954384464547628,0.0,38,True,False,235,7.98,1.8571428571428572,1.7077692092210897,5.0,real,1.3825233221483564,52.53588624163754,12.359343708763864,18.03554232979103,5.676198621027167,,,,
Eerste Divisie,26/27,Roda JC,7,12,7.0,5.0,9.780000000000001,8.87,10.030279802281536,0.0,38,True,False,192,7.85,1.7142857142857142,1.432897114611648,6.0,real,1.3733810853427357,52.18848124302396,2.2616091122186677,12.954375899833181,10.692766787614513,,,,
Eerste Divisie,26/27,TOP Oss,7,6,8.0,12.0,8.56,12.33,7.304746140942637,0.0,38,True,False,1228,3.98,0.8571428571428571,1.0435351629918053,19.0,real,0.9953145614297183,37.821953334329294,1.8323828593593046,-5.250524762900726,-7.082907622260031,,,,
Eerste Divisie,26/27,VVV-Venlo,7,15,19.0,11.0,11.97,15.83,8.085786924307122,0.0,38,True,False,1426,5.0,2.142857142857143,1.1551124177581602,14.0,real,1.1223083095940063,42.64771576457224,1.2465561102378486,38.78085566399919,37.534299553761336,,,,
Eerste Divisie,26/27,Vitesse,6,10,10.0,8.0,11.3,8.879999999999999,9.832002279132233,0.0,38,True,False,499,7.43,1.6666666666666667,1.6386670465220388,7.0,real,1.3427744484159014,51.02542903980425,11.243918728033218,12.30790429352908,1.0639855654958632,,,,
Eerste Divisie,26/27,Volendam,7,9,17.0,14.0,14.95,12.68,9.679353757058767,0.0,38,True,False,724,6.45,1.2857142857142858,1.3827648224369666,10.0,real,1.2640444749858524,48.03369004946239,4.511373203142342,0.8234528076804706,-3.6879203954618713,,,,
Eredivisie,22/23,AZ,34,67,68.0,35.0,56.33,40.3,55.733747845864116,0.0,34,False,False,1090,135.93,1.9705882352941178,1.6392278778195328,4.0,real,1.7128735862236442,58.2377019316039,-2.5039540857397853,8.762298068396102,11.266252154135888,60.125,0.985655737704918,33.0,38.0
Eredivisie,22/23,Ajax,34,69,86.0,38.0,79.55,30.94,71.10112372146963,0.0,34,False,False,610,390.38,2.0294117647058822,2.091209521219695,1.0,real,2.044373033420566,69.50868313629925,1.592440585170385,-0.5086831362992505,-2.1011237214696354,79.375,0.37082457369773414,27.0,43.0
Eredivisie,22/23,Cambuur,34,19,26.0,69.0,41.6,62.15,36.33185323940468,0.0,34,False,False,133,15.6,0.5588235294117647,1.06858391880602,16.0,real,1.0326213266588355,35.109125106400406,1.2227281330042712,-16.10912510640041,-17.33185323940468,-2.1999999999999997,-0.18448637316561844,24.0,33.0
Eredivisie,22/23,Emmen,34,28,33.0,65.0,36.92,54.6,37.13981180322439,0.0,34,False,False,1283,14.73,0.8235294117647058,1.092347405977188,17.0,real,1.0145897236350272,34.49605060359092,2.643761199633469,-6.496050603590926,-9.139811803224395,1.0999999999999999,0.09977324263038548,28.0,35.0
Eredivisie,22/23,Excelsior,34,32,32.0,71.0,35.64,66.86,31.752756668798195,0.0,34,False,False,798,15.85,0.9411764705882353,0.9339046079058293,15.0,real,1.0376170323720304,35.27897910064903,-3.5262224318508375,-3.278979100649034,0.24724333120180342,4.2,0.4666666666666667,24.0,30.0
Eredivisie,22/23,Feyenoord,34,82,81.0,30.0,66.48,30.78,68.64979405673027,0.0,34,False,False,234,267.8,2.411764705882353,2.0191115899038317,3.0,real,1.9259485073244096,65.48224924902992,3.1675448077003505,16.51775075097007,13.350205943269719,59.5,0.5958938407611417,24.0,35.0
Eredivisie,22/23,Fortuna Sittard,34,36,39.0,62.0,36.07,60.7,33.78897554600167,0.0,34,False,False,385,25.4,1.0588235294117647,0.9937933984118139,11.0,real,1.185798339822218,40.31714355395541,-6.528168007953741,-4.317143553955413,2.2110244539983275,-1.7500000000000002,-0.1098901098901099,19.0,32.0
Eredivisie,22/23,Go Ahead Eagles,34,40,46.0,56.0,46.16,49.67,43.96973098306794,0.0,34,False,False,1435,16.1,1.1764705882352942,1.2932273818549394,14.0,real,1.0425345548104576,35.44617486355556,8.523556119512378,4.553825136444441,-3.9697309830679366,2.925,0.37987012987012986,20.0,31.0
Eredivisie,22/23,Groningen,34,18,31.0,75.0,31.97,63.17,30.918243602554774,0.0,34,False,False,202,48.78,0.5294117647058824,0.9093601059574934,8.0,real,1.3908514025247793,47.2889476858425,-16.370704083287723,-29.288947685842498,-12.918243602554774,2.625,0.1031434184675835,26.0,40.0
Eredivisie,22/23,Heerenveen,34,46,44.0,50.0,45.37,51.87,44.177484773352475,0.0,34,False,False,306,51.1,1.3529411764705883,1.2993377874515435,7.0,real,1.4054515053848093,47.78535118308352,-3.607866409731039,-1.785351183083515,1.822515226647524,22.75,1.3541666666666665,19.0,27.0
Eredivisie,22/23,NEC,34,39,42.0,45.0,48.22,52.96,44.32607682529612,0.0,34,False,False,467,24.0,1.1470588235294117,1.3037081419204741,12.0,real,1.1679833435006182,39.71143367902102,4.614643146275103,-0.7114336790210203,-5.3260768252961235,1.7250000000000003,0.12921348314606745,18.0,28.0
Eredivisie,22/23,PSV,34,75,89.0,40.0,83.03,32.31,72.17113817870245,0.0,34,False,False,383,315.65,2.2058823529411766,2.122680534667719,2.0,real,1.9776047930554441,67.2385629638851,4.9325752148173425,7.761437036114906,2.828861821297563,45.925,0.2786711165048543,29.0,43.0
Eredivisie,22/23,RKC Waalwijk,34,41,50.0,64.0,46.29,64.82,37.69453407305847,0.0,34,False,False,235,13.63,1.2058823529411764,1.108662766854661,18.0,real,0.990201917715642,33.66686520233183,4.027668870726642,7.333134797668169,3.3054659269415265,1.625,0.18361581920903955,23.0,29.0
Eredivisie,22/23,Sparta Rotterdam,34,59,60.0,37.0,42.089999999999996,48.08,43.924119929374626,0.0,34,False,False,468,33.68,1.7352941176470589,1.2918858802757243,10.0,real,1.2744580115803104,43.33157239373055,0.5925475356440728,15.66842760626945,15.075880070625377,12.3,1.455621301775148,21.0,31.0
Eredivisie,22/23,Twente,34,64,66.0,27.0,64.09,36.83,61.629677245339614,0.0,34,False,False,317,62.25,1.8823529411764706,1.8126375660394005,5.0,real,1.4674710211922743,49.89401472053733,11.73566252480229,14.105985279462672,2.3703227546603816,28.375,1.0403299725022914,25.0,29.0
Eredivisie,22/23,Utrecht,34,54,55.0,50.0,50.07,45.85,50.147667241697704,0.0,34,False,False,200,56.2,1.588235294117647,1.474931389461697,6.0,real,1.4353442751704828,48.801705355796415,1.3459618859012865,5.198294644203582,3.8523327583022953,3.3500000000000005,0.09738372093023258,32.0,40.0
Eredivisie,22/23,Vitesse,34,40,45.0,50.0,44.9,40.76,49.495886295258714,0.0,34,False,False,499,43.7,1.1764705882352942,1.4557613616252563,9.0,real,1.3562955496626756,46.11404868853097,3.381837606727742,-6.1140486885309695,-9.495886295258712,-0.7500000000000001,-0.037974683544303806,18.0,32.0
Eredivisie,22/23,Volendam,34,36,42.0,71.0,42.71,64.84,36.191495913665214,0.0,34,False,False,724,17.43,1.0588235294117647,1.064455762166624,13.0,real,1.067475583092278,36.29416982513745,-0.10267391147223615,-0.2941698251374505,-0.19149591366521435,3.9,0.48297213622291024,25.0,33.0
Eredivisie,23/24,AZ,34,65,70.0,39.0,57.3,39.95,57.599610392870076,0.0,34,False,False,1090,131.15,1.911764705882353,1.6941061880255905,4.0,real,1.7016249144194233,57.85524709026039,-0.25563669739031436,7.14475290973961,7.400389607129925,18.525000000000002,0.2092629200790737,31.0,40.0
Eredivisie,23/24,Ajax,34,56,74.0,61.0,66.04,53.22,54.71147824295293,0.0,34,False,False,610,327.65,1.6470588235294117,1.609161124792733,3.0,real,1.9893290793727358,67.63718869867301,-12.925710455720093,-11.637188698673022,1.288521757047072,60.1,0.3773940345368917,29.0,44.0
Eredivisie,23/24,Almere City,34,34,33.0,59.0,35.38,56.59,34.98235565372373,0.0,34,False,False,723,19.6,1.0,1.0288928133448156,15.0,real,1.104345506842204,37.54774723263493,-2.5653915789112007,-3.5477472326349324,-0.9823556537237317,3.7750000000000004,0.4114441416893733,25.0,32.0
Eredivisie,23/24,Excelsior,34,29,50.0,73.0,46.3,59.09,40.17100644387117,0.0,34,False,False,798,26.43,0.8529411764705882,1.1815001895256227,12.0,real,1.1982888890968277,40.74182222929214,-0.5708157854209697,-11.741822229292143,-11.171006443871175,5.35,0.38838475499092556,25.0,31.0
Eredivisie,23/24,Feyenoord,34,84,92.0,26.0,95.1,26.3,78.99881776328584,0.0,34,False,False,234,338.0,2.4705882352941178,2.3234946400966425,2.0,real,1.9991014010940507,67.96944763719772,11.029370126088123,16.030552362802283,5.001182236714158,97.425,0.5533153485730513,22.0,31.0
Eredivisie,23/24,Fortuna Sittard,34,38,37.0,56.0,45.18,44.34,47.240523796875806,0.0,34,False,False,385,35.03,1.1176470588235294,1.3894271704963472,10.0,real,1.2868071896824171,43.75144444920218,3.489079347673623,-5.751444449202182,-9.240523796875806,8.625,0.5324074074074074,21.0,33.0
Eredivisie,23/24,Go Ahead Eagles,34,46,47.0,46.0,50.26,56.31,44.144168015468935,0.0,34,False,False,1435,25.78,1.3529411764705883,1.2983578828079099,13.0,real,1.190464499926981,40.47579299751735,3.6683750179515853,5.524207002482653,1.8558319845310671,10.65,0.9025423728813559,23.0,28.0
Eredivisie,23/24,Heerenveen,34,37,53.0,70.0,47.57,53.94,44.738673070973,0.0,34,False,False,306,38.78,1.088235294117647,1.315843325616853,8.0,real,1.3187636374253555,44.83796367246209,-0.09929060148908864,-7.837963672462091,-7.738673070973002,1.5999999999999999,0.050473186119873815,20.0,26.0
Eredivisie,23/24,Heracles,34,33,41.0,74.0,42.14,69.47,35.07230940956006,0.0,34,False,False,1304,16.3,0.9705882352941176,1.0315385120458842,16.0,real,1.046413903721651,35.578072726536135,-0.5057633169760747,-2.5780727265361376,-2.072309409560063,0.725,0.054409005628517824,28.0,34.0
Eredivisie,23/24,NEC,34,53,68.0,51.0,48.49,60.82,43.03214595920992,0.0,34,False,False,467,44.3,1.5588235294117647,1.2656513517414683,7.0,real,1.3605804788440092,46.259736280696316,-3.2275903214863932,6.7402637193036865,9.96785404079008,12.975,0.8212025316455696,20.0,32.0
Eredivisie,23/24,PEC Zwolle,34,36,45.0,67.0,43.27,63.47,38.45524061859718,0.0,34,False,False,1269,21.18,1.0588235294117647,1.13103648878227,14.0,real,1.1287065375361074,38.37602227622765,0.07921834236952607,-2.376022276227651,-2.455240618597177,3.0,0.28368794326241137,23.0,32.0
Eredivisie,23/24,PSV,34,91,111.0,21.0,100.76,28.47,79.738159767857,0.0,34,False,False,383,373.7,2.676470588235294,2.3452399931722647,1.0,real,2.0306517556069603,69.04215969063665,10.69600007722035,21.95784030936334,11.261840232142994,110.675,0.7657844663553018,27.0,35.0
Eredivisie,23/24,RKC Waalwijk,34,29,38.0,56.0,45.01,58.95,40.443401040690816,0.0,34,False,False,235,14.85,0.8529411764705882,1.1895117953144358,18.0,real,1.0171392164907596,34.58273336068582,5.860667680004994,-5.582733360685826,-11.44340104069082,2.5000000000000004,0.2557544757033248,22.0,29.0
Eredivisie,23/24,Sparta Rotterdam,34,49,51.0,48.0,46.61,53.3,44.720957698775315,0.0,34,False,False,468,35.88,1.4411764705882353,1.3153222852580975,9.0,real,1.2943407554353912,44.0075856848033,0.7133720139720139,4.992414315196699,4.279042301224686,5.75,0.22954091816367264,21.0,29.0
Eredivisie,23/24,Twente,34,69,69.0,36.0,58.96,37.24,60.511267382513424,0.0,34,False,False,317,85.78,2.0294117647058822,1.7797431583092183,5.0,real,1.5682195938085701,53.319466189491386,7.1918011930220365,15.680533810508612,8.488732617486576,35.95,0.8468786808009423,22.0,28.0
Eredivisie,23/24,Utrecht,34,50,49.0,47.0,46.89,48.5,47.632055359202504,0.0,34,False,False,200,69.28,1.4705882352941178,1.4009428046824266,6.0,real,1.5010921975240519,51.037134715817764,-3.4050793566152593,-1.0371347158177602,2.367944640797499,-1.6000000000000008,-0.030947775628626707,31.0,46.0
Eredivisie,23/24,Vitesse,34,24,30.0,74.0,38.47,65.3,32.728934328658426,0.0,34,False,False,499,32.35,0.7058823529411765,0.9626157155487772,11.0,real,1.2617979030814102,42.90112870476794,-10.17219437610952,-18.901128704767945,-8.728934328658424,-7.175000000000001,-0.25602140945584306,24.0,36.0
Eredivisie,23/24,Volendam,34,19,34.0,88.0,37.0,75.47,28.381190819987808,0.0,34,False,False,724,15.53,0.5588235294117647,0.8347409064702296,17.0,real,1.0312081775409843,35.06107803639347,-6.679887216405659,-16.061078036393464,-9.381190819987806,0.27500000000000024,0.02576112412177988,26.0,39.0
Eredivisie,24/25,AZ,34,57,58.0,37.0,55.089999999999996,34.83,58.49705999867221,0.0,34,False,False,1090,133.2,1.6764705882352942,1.72050176466683,4.0,real,1.7064985336221528,58.02095014315319,0.4761098555190233,-1.0209501431531924,-1.4970599986722157,58.325,0.8459028281363307,33.0,40.0
Eredivisie,24/25,Ajax,34,78,67.0,32.0,66.34,31.82,66.46259167489306,0.0,34,False,False,610,274.3,2.2941176470588234,1.95478210808509,3.0,real,1.9334841987052032,65.73846275597691,0.7241289189161528,12.261537244023087,11.537408325106934,1.4249999999999985,0.005946171500104312,35.0,49.0
Eredivisie,24/25,Almere City,34,22,23.0,64.0,34.4,53.010000000000005,36.85162293133953,0.0,34,False,False,723,17.03,0.6470588235294118,1.0838712626864566,16.0,real,1.0601804609938223,36.04613567378996,0.8054872575495651,-14.046135673789959,-14.851622931339524,-0.8500000000000003,-0.06896551724137934,18.0,32.0
Eredivisie,24/25,Feyenoord,34,68,76.0,38.0,62.82,35.52,63.13839079031796,0.0,34,False,False,234,349.38,2.0,1.8570114938328812,1.0,real,2.009506672049394,68.3232268496794,-5.184836059361432,-0.3232268496793935,4.8616092096820385,-10.0,-0.034293552812071325,27.0,43.0
Eredivisie,24/25,Fortuna Sittard,34,41,37.0,54.0,41.92,50.55,41.80372414125441,0.0,34,False,False,385,23.45,1.2058823529411764,1.2295212982721886,13.0,real,1.160698600008785,39.463752400298695,2.3399717409557184,1.536247599701304,-0.8037241412544143,-0.12500000000000006,-0.009090909090909096,16.0,30.0
Eredivisie,24/25,Go Ahead Eagles,34,51,57.0,55.0,55.46,46.52,51.131884677570135,0.0,34,False,False,1435,45.35,1.5,1.5038789611050039,9.0,real,1.3679413159170533,46.51000474117981,4.62187993639032,4.489995258820189,-0.131884677570131,14.375,0.7160647571606475,26.0,32.0
Eredivisie,24/25,Groningen,34,39,40.0,53.0,38.2,47.58,43.22170696096448,0.0,34,False,False,202,34.33,1.1470588235294117,1.2712266753224848,11.0,real,1.280464520774426,43.53579370633049,-0.3140867453660037,-4.535793706330489,-4.221706960964486,13.675,0.8981937602627258,26.0,30.0
Eredivisie,24/25,Heerenveen,34,43,42.0,57.0,43.65,48.63,45.1450436256581,0.0,34,False,False,306,48.95,1.2647058823529411,1.32779540075465,7.0,real,1.3919445778013775,47.32611564524684,-2.1810720195887354,-4.326115645246836,-2.1450436256581007,5.35,0.22741764080765142,20.0,33.0
Eredivisie,24/25,Heracles,34,38,42.0,63.0,42.5,61.22,39.6609541816373,0.0,34,False,False,1304,20.25,1.1176470588235294,1.1664986524010972,15.0,real,1.1145971124756966,37.89630182417368,1.76465235746362,0.10369817582631669,-1.6609541816373032,2.575,0.20355731225296445,24.0,32.0
Eredivisie,24/25,NAC Breda,34,33,34.0,58.0,38.95,57.47,35.796075258443565,0.0,34,False,False,132,23.25,0.9705882352941176,1.0528257428953989,14.0,real,1.15800716367681,39.37224356501154,-3.5761683065679746,-6.372243565011536,-2.7960752584435618,-0.1,-0.0077972709551656924,21.0,33.0
Eredivisie,24/25,NEC,34,43,51.0,46.0,45.61,44.1,48.0767312148913,0.0,34,False,False,467,41.25,1.2647058823529411,1.4140215063203325,10.0,real,1.338165812970672,45.49763764100285,2.5790935738884597,-2.497637641002848,-5.076731214891307,2.15,0.0617816091954023,21.0,30.0
Eredivisie,24/25,PEC Zwolle,34,41,43.0,51.0,39.35,58.07,36.915131153428604,0.0,34,False,False,1269,28.05,1.2058823529411764,1.0857391515714294,12.0,real,1.2169816868766106,41.37737735380476,-4.462246200376159,-0.37737735380476156,4.084868846571398,4.925,0.27323162274618584,24.0,30.0
Eredivisie,24/25,PSV,34,79,103.0,39.0,83.62,32.55,72.86139587929839,0.0,34,False,False,383,332.8,2.323529411764706,2.14298223174407,2.0,real,1.9942296248916977,67.80380724631772,5.05758863298066,11.196192753682283,6.138604120701623,-16.125,-0.04948216340621404,29.0,38.0
Eredivisie,24/25,RKC Waalwijk,34,25,44.0,74.0,42.37,70.78999999999999,32.13145441460501,0.0,34,False,False,235,11.95,0.7352941176470589,0.9450427769001474,18.0,real,0.9488683705110266,32.2615245973749,-0.13007018276989268,-7.261524597374901,-7.131454414605009,-1.65,-0.15827338129496402,24.0,31.0
Eredivisie,24/25,Sparta Rotterdam,34,39,39.0,43.0,43.23,46.07,45.47246508892047,0.0,34,False,False,468,46.93,1.1470588235294117,1.3374254437917785,8.0,real,1.3787025055761135,46.87588518958786,-1.4034201006673896,-7.875885189587862,-6.4724650889204725,-6.700000000000001,-0.15500289184499713,28.0,35.0
Eredivisie,24/25,Twente,34,54,62.0,49.0,55.72,44.23,54.09352171858687,0.0,34,False,False,317,91.1,1.588235294117647,1.5909859328996139,5.0,real,1.5871270129400372,53.962318439961265,0.13120327862560632,0.037681560038731465,-0.09352171858687486,10.9,0.14538179393131045,29.0,33.0
Eredivisie,24/25,Utrecht,34,64,62.0,45.0,50.05,44.47,50.20894068497756,0.0,34,False,False,200,70.63,1.8823529411764706,1.4767335495581637,6.0,real,1.5071563041802696,51.24331434212917,-1.0343736571515993,12.756685657870833,13.791059315022434,21.45,0.5917241379310345,28.0,34.0
Eredivisie,24/25,Willem II,34,26,34.0,56.0,26.22,58.07,26.561610896477674,0.0,34,False,False,403,15.8,0.7647058823529411,0.7812238498964021,17.0,real,1.0366242250037232,35.24522365012659,-8.683612753648916,-9.24522365012659,-0.5616108964776747,2.5,0.31746031746031744,19.0,30.0
Eredivisie,25/26,AZ,34,52,58.0,51.0,63.97,44.95,57.243252132839245,0.0,34,False,False,1090,203.93,1.5294117647058822,1.683625062730566,4.0,real,1.840334092623344,62.5713591491937,-5.328107016354453,-10.5713591491937,-5.243252132839247,81.625,0.8000490075961774,33.0,42.0
Eredivisie,25/26,Ajax,34,56,62.0,41.0,55.68,47.85,50.564219610394915,0.0,34,False,False,610,266.58,1.6470588235294117,1.4871829297174974,2.0,real,1.9245137490765378,65.43346746860229,-14.869247858207373,-9.433467468602288,5.4357803896050845,32.575,0.19511829889188384,30.0,51.0
Eredivisie,25/26,Excelsior,34,38,43.0,56.0,46.94,61.4,38.225492865215784,0.0,34,False,False,798,20.6,1.1176470588235294,1.1242792019181114,14.0,real,1.1199817311291504,38.07937885839112,0.14611400682467135,-0.07937885839111436,-0.2254928652157857,4.45,0.35742971887550207,23.0,30.0
Eredivisie,25/26,Feyenoord,34,65,70.0,44.0,68.32,39.22,61.97279791493778,0.0,34,False,False,234,255.83,1.911764705882353,1.8227293504393465,3.0,real,1.91157993440044,64.99371776961496,-3.0209198546771816,0.006282230385041387,3.027202085062223,23.75,0.13874689645100044,24.0,39.0
Eredivisie,25/26,Fortuna Sittard,34,39,49.0,63.0,43.48,61.28,37.224954934141145,0.0,34,False,False,385,24.28,1.1470588235294117,1.0948516157100336,12.0,real,1.1716280619022201,39.83535410467548,-2.6103991705343406,-0.8353541046754871,1.7750450658588535,0.875,0.04557291666666667,25.0,32.0
Eredivisie,25/26,Go Ahead Eagles,34,38,54.0,53.0,44.96,67.0,37.2727634394254,0.0,34,False,False,1435,37.3,1.1176470588235294,1.096257748218394,11.0,real,1.3065367941945747,44.42225100261554,-7.149487563190146,-6.422251002615539,0.7272365605746067,0.5749999999999996,0.018548387096774182,29.0,34.0
Eredivisie,25/26,Groningen,34,48,49.0,45.0,62.05,48.83,54.34249337934571,0.0,34,False,False,202,41.05,1.411764705882353,1.5983086288042856,9.0,real,1.336638600872386,45.44571242966113,8.896780949684583,2.554287570338877,-6.342493379345707,17.475,0.8472727272727273,21.0,27.0
Eredivisie,25/26,Heerenveen,34,51,57.0,53.0,60.21,51.0,53.59263748460151,0.0,34,False,False,306,56.53,1.5,1.5762540436647503,8.0,real,1.4371839624856237,48.864254724511206,4.7283827600903034,2.1357452754887927,-2.5926374846015103,12.175,0.3549562682215744,21.0,27.0
Eredivisie,25/26,Heracles,34,19,35.0,85.0,40.74,69.1,31.506679885193265,0.0,34,False,False,1304,15.25,0.5588235294117647,0.9266670554468607,16.0,real,1.0254911572148846,34.866699345306074,-3.360019460112813,-15.866699345306076,-12.506679885193263,-4.7250000000000005,-0.2759124087591241,29.0,36.0
Eredivisie,25/26,NAC Breda,34,29,35.0,58.0,42.31,54.56,41.17762352292371,0.0,34,False,False,132,14.0,0.8529411764705882,1.2111065742036384,18.0,real,0.9986181001626457,33.95301540552995,7.2246081173937515,-4.953015405529956,-12.177623522923708,-3.475,-0.243006993006993,20.0,30.0
Eredivisie,25/26,NEC,34,59,77.0,53.0,64.41,51.26,53.277708878095986,0.0,34,False,False,467,78.55,1.7352941176470589,1.5669914375910583,7.0,real,1.5405520731939948,52.37877048859582,0.8989383895001595,6.621229511404179,5.72229112190402,25.099999999999998,0.7409594095940959,21.0,36.0
Eredivisie,25/26,PEC Zwolle,34,37,44.0,71.0,42.06,63.269999999999996,35.93235819447786,0.0,34,False,False,1269,23.88,1.088235294117647,1.0568340645434664,13.0,real,1.166408286214472,39.65788173129205,-3.725523536814191,-2.6578817312920515,1.0676418055221393,-4.3,-0.1934758155230596,23.0,30.0
Eredivisie,25/26,PSV,34,84,101.0,45.0,76.26,41.44,66.6046700965524,0.0,34,False,False,383,319.1,2.4705882352941178,1.9589608851927176,1.0,real,1.981020566065337,67.35469924622146,-0.7500291496690612,16.645300753778542,17.395329903447603,42.325,0.21724624663159245,27.0,37.0
Eredivisie,25/26,Sparta Rotterdam,34,43,40.0,62.0,46.39,54.95,43.403189530050376,0.0,34,False,False,468,39.15,1.2647058823529411,1.2765643979426582,10.0,real,1.321747430156241,44.939412625312194,-1.536223095261818,-1.9394126253121984,-0.4031895300503803,6.85,0.3054626532887402,22.0,33.0
Eredivisie,25/26,Telstar,34,37,49.0,55.0,52.9,63.04,42.031928617388225,0.0,34,False,False,1434,14.15,1.088235294117647,1.2362331946290654,17.0,real,1.0019668700887174,34.066873583016395,7.965055034371833,2.933126416983604,-5.031928617388228,3.75,0.5084745762711864,18.0,28.0
Eredivisie,25/26,Twente,34,58,59.0,40.0,66.41,38.2,62.78274100213139,0.0,34,False,False,317,88.3,1.7058823529411764,1.8465512059450409,6.0,real,1.5773176861941178,53.628801330600005,9.153939671531383,4.371198669399991,-4.782741002131392,10.3,0.21707060063224448,23.0,32.0
Eredivisie,25/26,Utrecht,34,53,55.0,42.0,52.23,46.68,52.028089685919156,0.0,34,False,False,200,93.05,1.5588235294117647,1.5302379319387986,5.0,real,1.5937820037796238,54.188588128507206,-2.160498442588054,-1.1885881285072073,0.9719103140808465,10.125,0.16337232755143202,30.0,39.0
Eredivisie,25/26,Volendam,34,32,35.0,55.0,37.24,62.53,33.42366328379382,0.0,34,False,False,724,18.48,0.9411764705882353,0.983048920111583,15.0,real,1.085856452477351,36.91911938422994,-3.495456100436116,-4.919119384229937,-1.423663283793821,2.825,0.23251028806584362,28.0,35.0
Eredivisie,26/27,ADO Den Haag,6,1,6.0,16.0,4.109999999999999,12.870000000000001,3.752171772588925,0.0,34,True,False,1268,18.28,0.16666666666666666,0.6253619620981542,14.0,real,1.082437231898667,36.80286588455468,-15.540559173217437,-31.136199217888013,-15.595640044670578,,,,
Eredivisie,26/27,AZ,6,16,17.0,6.0,15.920000000000002,6.54,12.607888660132444,0.0,34,True,False,1090,129.3,2.6666666666666665,2.101314776688741,4.0,real,1.6971609264944307,57.70347150081064,13.741230906606543,32.963195165856014,19.221964259249475,,,,
Eredivisie,26/27,Ajax,6,13,19.0,7.0,16.259999999999998,8.08,12.342687406219756,0.0,34,True,False,610,228.7,2.1666666666666665,2.0571145677032927,2.0,real,1.8763548583445269,63.796065183713914,6.145830118198038,9.870601482952749,3.7247713647547096,,,,
Eredivisie,26/27,Cambuur,6,4,9.0,18.0,9.129999999999999,12.17,6.348055743371322,0.0,34,True,False,133,13.8,0.6666666666666666,1.058009290561887,17.0,real,0.9940968240196868,33.79929201666935,2.173023862434806,-11.132625350002685,-13.305649212437492,,,,
Eredivisie,26/27,Excelsior,6,10,13.0,7.0,8.85,8.01,8.63618295821601,0.0,34,True,False,798,17.13,1.6666666666666667,1.439363826369335,15.0,real,1.0620201809485528,36.1086861522508,12.829683944306593,20.557980514415874,7.728296570109283,,,,
Eredivisie,26/27,Feyenoord,6,14,20.0,7.0,15.99,5.1,14.066597057324948,0.0,34,True,False,234,210.73,2.3333333333333335,2.344432842887491,3.0,real,1.85064089728967,62.921790507848776,16.78892615032592,16.41154282548456,-0.3773833248413627,,,,
Eredivisie,26/27,Fortuna Sittard,6,10,12.0,14.0,5.63,16.52,3.829354502596302,0.0,34,True,False,385,16.9,1.6666666666666667,0.638225750432717,16.0,real,1.0577726080570091,35.96426867393831,-14.264593159225932,20.702397992728358,34.966991151954296,,,,
Eredivisie,26/27,Go Ahead Eagles,6,9,15.0,13.0,12.1,10.17,9.081018278639835,0.0,34,True,False,1435,22.2,1.5,1.5135030464399726,12.0,real,1.1434860129538107,38.878524440429565,12.580579138529504,12.121475559570436,-0.4591035789590676,,,,
Eredivisie,26/27,Groningen,7,11,15.0,13.0,11.2,14.65,9.0819661938153,0.0,34,True,False,202,34.65,1.5714285714285714,1.297423741973614,9.0,real,1.2833799214102741,43.63491732794932,0.477489899153559,9.793654100622106,9.316164201468549,,,,
Eredivisie,26/27,Heerenveen,6,6,7.0,9.0,7.47,9.1,7.2293614017999825,0.0,34,True,False,306,52.65,1.0,1.2048935669666638,7.0,real,1.4148410438914008,48.104595492307624,-7.138214215441055,-14.104595492307626,-6.966381276866571,,,,
Eredivisie,26/27,NEC,6,7,11.0,12.0,10.99,11.83,7.899475244500784,0.0,34,True,False,467,44.93,1.1666666666666667,1.3165792074167972,8.0,real,1.3650176401130942,46.410599763845205,-1.6469067116740979,-6.743933097178535,-5.097026385504437,,,,
Eredivisie,26/27,PEC Zwolle,7,4,6.0,20.0,6.77,14.84,5.454304074796309,0.0,34,True,False,1269,25.28,0.5714285714285714,0.7791862963994728,11.0,real,1.1843103026103987,40.26655028875356,-13.774216211171481,-20.83797886018213,-7.0637626490106475,,,,
Eredivisie,26/27,PSV,6,16,22.0,7.0,18.79,6.98,14.00306494824215,0.0,34,True,False,383,284.45,2.6666666666666665,2.333844158040358,1.0,real,1.9449015305471609,66.12665203860347,13.224049334768708,24.540014628063194,11.315965293294484,,,,
Eredivisie,26/27,Sparta Rotterdam,6,5,10.0,13.0,11.69,12.7,8.124531852078164,0.0,34,True,False,468,29.3,0.8333333333333334,1.3540886420130274,10.0,real,1.2306814708215632,41.843170007933146,4.195843820509781,-13.509836674599814,-17.705680495109597,,,,
Eredivisie,26/27,Telstar,6,5,5.0,11.0,7.49,12.64,5.5344882018888,0.0,34,True,False,1434,8.7,0.8333333333333334,0.9224147003148001,18.0,real,0.8491313112057877,28.87046458099678,2.4916352297064233,-0.537131247663446,-3.028766477369869,,,,
Eredivisie,26/27,Twente,6,13,12.0,5.0,13.6,4.5200000000000005,13.766777873852629,0.0,34,True,False,317,77.35,2.1666666666666665,2.2944629789754383,5.0,real,1.5357146726571673,52.21429887034369,25.797442414821212,21.452367796322974,-4.34507461849824,,,,
Eredivisie,26/27,Utrecht,6,5,11.0,19.0,9.3,11.49,7.729134821438489,0.0,34,True,False,200,63.6,0.8333333333333334,1.288189136906415,6.0,real,1.4742126610403055,50.123230475370384,-6.324799820552279,-21.789897142037052,-15.465097321484771,,,,
Eredivisie,26/27,Willem II,6,2,6.0,19.0,8.49,15.57,4.9004681846716664,0.0,34,True,False,403,21.65,0.3333333333333333,0.8167446974452778,13.0,real,1.1356031457886329,38.610506956813516,-10.841187243674073,-27.277173623480188,-16.435986379806113,,,,
