team_id,team,manager,manager_id,date_from,date_to,matches,ppg
610,Ajax Amsterdam,Míchel Sánchez,33636,01/07/2026,,12,2.42
610,Ajax Amsterdam,Óscar García,16362,08/03/2026,30/06/2026,10,1.80
610,Ajax Amsterdam,John Heitinga,51774,01/07/2025,06/11/2025,15,1.33
610,Ajax Amsterdam,Francesco Farioli,73923,01/07/2024,30/06/2025,54,2.09
610,Ajax Amsterdam,John van 't Schip,6210,30/10/2023,30/06/2024,32,1.81
610,Ajax Amsterdam,Maurice Steijn,13405,01/07/2023,23/10/2023,11,0.91
610,Ajax Amsterdam,Alfred Schreuder,10267,01/07/2022,26/01/2023,26,1.65
610,Ajax Amsterdam,Erik ten Hag,3816,28/12/2017,30/06/2022,215,2.34
610,Ajax Amsterdam,Marcel Keizer,23940,01/07/2017,21/12/2017,24,1.92
610,Ajax Amsterdam,Peter Bosz,1269,27/06/2016,30/06/2017,56,2.13
610,Ajax Amsterdam,Frank de Boer,8371,07/12/2010,30/06/2016,263,2.02
610,Ajax Amsterdam,Martin Jol,500,01/07/2009,06/12/2010,80,2.15
610,Ajax Amsterdam,Marco van Basten,2148,01/07/2008,06/05/2009,45,1.91
610,Ajax Amsterdam,Henk ten Cate,573,01/07/2006,08/10/2007,68,2.16
610,Ajax Amsterdam,Danny Blind,1870,15/03/2005,30/06/2006,64,1.94
610,Ajax Amsterdam,Ronald Koeman,439,03/12/2001,25/02/2005,151,2.07
610,Ajax Amsterdam,Co Adriaanse,501,01/07/2000,29/11/2001,59,1.81
610,Ajax Amsterdam,Jan Wouters,3193,14/11/1998,21/03/2000,60,1.63
610,Ajax Amsterdam,Morten Olsen,179,01/07/1997,14/11/1998,66,2.30
610,Ajax Amsterdam,Louis van Gaal,2029,29/09/1991,30/06/1997,281,2.22
610,Ajax Amsterdam,Leo Beenhakker,2120,01/07/1989,28/09/1991,82,2.09
610,Ajax Amsterdam,Kurt Linder,13877,01/07/1988,20/09/1988,6,1.17
610,Ajax Amsterdam,Johan Cruyff,553,01/07/1985,04/01/1988,117,2.29
610,Ajax Amsterdam,Aad de Mos,853,01/07/1982,06/05/1985,121,2.22
610,Ajax Amsterdam,Kurt Linder,13877,01/07/1981,30/06/1982,38,2.24
610,Ajax Amsterdam,Leo Beenhakker,2120,01/07/1979,10/03/1981,75,2.03
610,Ajax Amsterdam,Cor Brom,14051,01/07/1978,08/09/1979,49,2.22
610,Ajax Amsterdam,Tomislav Ivic,9599,01/07/1976,30/06/1978,84,2.02
610,Ajax Amsterdam,Hans Kraay,14411,01/07/1974,12/08/1975,40,1.88
610,Ajax Amsterdam,George Knobel,14401,01/07/1973,12/04/1974,37,2.22
610,Ajax Amsterdam,Ștefan Kovács,14410,01/07/1971,30/06/1973,94,2.65
610,Ajax Amsterdam,Rinus Michels,1343,22/01/1965,30/06/1971,285,2.31
610,Ajax Amsterdam,Vic Buckingham,17255,01/07/1964,20/01/1965,19,1.11
610,Ajax Amsterdam,Jack Rowley,21720,01/07/1963,01/03/1964,23,1.83
610,Ajax Amsterdam,Joseph Gruber,21715,01/07/1962,30/06/1963,35,1.94
610,Ajax Amsterdam,Keith Spurgeon,21721,02/05/1961,30/06/1962,56,1.84
610,Ajax Amsterdam,Vic Buckingham,17255,01/07/1959,30/04/1961,71,2.13
610,Ajax Amsterdam,Karl Humenberger,21648,01/07/1954,30/06/1959,113,1.83
610,Ajax Amsterdam,Walter Crook,21647,01/07/1953,30/06/1954,1,0.00
610,Ajax Amsterdam,Robert Thomson,21722,01/11/1950,04/12/1952,3,0.67
610,Ajax Amsterdam,Walter Crook,21647,01/07/1948,30/06/1950,1,3.00
610,Ajax Amsterdam,Robert Smith,21738,11/10/1947,30/06/1948,0,-
610,Ajax Amsterdam,Jack Reynolds,21728,01/11/1945,10/10/1947,10,2.10
610,Ajax Amsterdam,Dolf van Kol,21723,01/07/1942,31/10/1945,0,-
610,Ajax Amsterdam,Wim Volkers,21724,01/07/1941,30/06/1942,0,-
610,Ajax Amsterdam,Arie de Wit,21713,01/07/1941,30/06/1942,0,-
610,Ajax Amsterdam,Vilmos Halpern,21716,01/07/1940,30/06/1941,0,-
610,Ajax Amsterdam,Jack Reynolds,21728,01/07/1928,24/06/1940,9,2.00
610,Ajax Amsterdam,Sidney Castle,21712,29/12/1926,30/06/1928,0,-
610,Ajax Amsterdam,Harold Rose,21719,15/08/1925,28/12/1926,0,-
610,Ajax Amsterdam,Jack Reynolds,21728,01/07/1915,30/06/1925,2,2.00
610,Ajax Amsterdam,Jack Kirwan,100175,01/09/1910,30/06/1914,0,-
383,PSV Eindhoven,Peter Bosz,1269,01/07/2023,,155,2.22
383,PSV Eindhoven,Ruud van Nistelrooy,36058,01/07/2022,24/05/2023,50,2.20
383,PSV Eindhoven,Roger Schmidt,3865,01/07/2020,30/06/2022,104,2.16
383,PSV Eindhoven,Mark van Bommel,33479,01/07/2018,16/12/2019,75,1.95
383,PSV Eindhoven,Phillip Cocu,6405,01/07/2013,22/06/2018,220,2.12
383,PSV Eindhoven,Dick Advocaat,3,01/07/2012,30/06/2013,49,2.04
383,PSV Eindhoven,Fred Rutten,1883,01/07/2009,12/03/2012,142,2.15
383,PSV Eindhoven,Huub Stevens,300,01/07/2008,28/01/2009,28,1.46
383,PSV Eindhoven,Sef Vergoossen,718,01/01/2008,30/06/2008,23,2.13
383,PSV Eindhoven,Ronald Koeman,439,01/07/2006,31/10/2007,61,2.05
383,PSV Eindhoven,Guus Hiddink,506,01/08/2002,05/06/2006,192,2.20
383,PSV Eindhoven,Eric Gerets,301,01/07/1999,31/05/2002,144,2.06
383,PSV Eindhoven,Sir Bobby Robson,461,01/07/1998,30/06/1999,47,1.77
383,PSV Eindhoven,Dick Advocaat,3,16/12/1994,30/06/1998,151,2.16
383,PSV Eindhoven,Kees Rijvers,14404,28/10/1994,15/12/1994,9,1.67
383,PSV Eindhoven,Aad de Mos,853,01/07/1993,28/10/1994,50,1.72
383,PSV Eindhoven,Hans Westerhof,5107,01/07/1992,11/06/1993,48,1.92
383,PSV Eindhoven,Sir Bobby Robson,461,08/07/1990,30/06/1992,81,2.19
383,PSV Eindhoven,Guus Hiddink,506,17/03/1987,30/06/1990,153,2.25
383,PSV Eindhoven,Hans Kraay,14411,01/07/1986,15/03/1987,26,2.35
383,PSV Eindhoven,Jan Reker,14530,01/07/1983,30/06/1986,129,2.11
383,PSV Eindhoven,Thijs Libregts,1936,01/07/1980,30/06/1983,126,1.97
383,PSV Eindhoven,Kees Rijvers,14404,01/07/1972,24/01/1980,328,2.04
383,PSV Eindhoven,Kurt Linder,13877,08/05/1968,30/06/1972,173,1.82
383,PSV Eindhoven,Wim Blokland,63976,27/12/1967,09/05/1968,16,1.38
383,PSV Eindhoven,Milan Nikolic,32742,13/09/1966,23/12/1967,45,1.22
383,PSV Eindhoven,Bram Appel,25654,01/07/1962,13/09/1966,152,1.72
383,PSV Eindhoven,Franz Binder,994,01/07/1960,30/06/1962,75,1.81
383,PSV Eindhoven,Ljubisa Brocic,25650,01/07/1959,30/06/1960,34,1.85
383,PSV Eindhoven,Kees van Dijke,53129,01/07/1958,30/06/1959,0,-
383,PSV Eindhoven,Cees van Dijcke,25655,01/07/1958,30/06/1959,34,1.32
383,PSV Eindhoven,George Hardwick,21775,01/07/1957,30/06/1958,34,1.32
383,PSV Eindhoven,Ljubisa Brocic,25650,01/07/1956,30/06/1957,34,1.68
383,PSV Eindhoven,Huub de  Leeuw,25749,01/07/1952,30/06/1956,24,2.42
383,PSV Eindhoven,Sam Wadsworth,23435,01/07/1945,30/06/1951,3,0.00
383,PSV Eindhoven,Coen Delsen,158076,01/07/1942,30/06/1945,1,0.00
383,PSV Eindhoven,Sam Wadsworth,23435,01/07/1935,30/06/1938,0,-
383,PSV Eindhoven,Jack Hall,23432,01/07/1929,30/06/1935,0,-
383,PSV Eindhoven,Joop Klein Wentink,23433,01/07/1928,30/06/1929,0,-
234,Feyenoord Rotterdam,Giovanni van Bronckhorst,20014,01/07/2026,,7,2.00
234,Feyenoord Rotterdam,Robin van Persie,77452,24/02/2025,30/06/2026,58,1.71
234,Feyenoord Rotterdam,Brian Priske,19874,01/07/2024,10/02/2025,33,1.85
234,Feyenoord Rotterdam,Arne Slot,34822,01/07/2021,30/06/2024,148,2.15
234,Feyenoord Rotterdam,Dick Advocaat,3,30/10/2019,30/06/2021,65,1.89
234,Feyenoord Rotterdam,Jaap Stam,10208,01/07/2019,28/10/2019,18,1.50
234,Feyenoord Rotterdam,Giovanni van Bronckhorst,20014,18/05/2015,30/06/2019,176,1.99
234,Feyenoord Rotterdam,Fred Rutten,1883,01/07/2014,17/05/2015,47,1.62
234,Feyenoord Rotterdam,Ronald Koeman,439,25/07/2011,30/06/2014,118,1.93
234,Feyenoord Rotterdam,Mario Been,2285,01/07/2009,13/07/2011,78,1.60
234,Feyenoord Rotterdam,Gertjan Verbeek,1288,01/07/2008,14/01/2009,26,1.08
234,Feyenoord Rotterdam,Bert van Marwijk,502,01/07/2007,30/06/2008,40,1.95
234,Feyenoord Rotterdam,Leo Beenhakker,2120,05/05/2007,30/06/2007,2,0.50
234,Feyenoord Rotterdam,Erwin Koeman,1275,01/07/2005,03/05/2007,78,1.72
234,Feyenoord Rotterdam,Ruud Gullit,1273,01/07/2004,24/05/2005,44,1.77
234,Feyenoord Rotterdam,Bert van Marwijk,502,01/07/2000,30/06/2004,182,1.93
234,Feyenoord Rotterdam,Leo Beenhakker,2120,28/10/1997,10/04/2000,110,1.92
234,Feyenoord Rotterdam,Arie Haan,83,12/10/1995,27/10/1997,91,1.91
234,Feyenoord Rotterdam,Willem van Hanegem,4715,01/07/1992,02/10/1995,145,1.97
234,Feyenoord Rotterdam,Hans Dorjee,19587,01/07/1991,18/03/1992,37,2.22
234,Feyenoord Rotterdam,Gunder Bengtsson,23439,08/12/1989,06/03/1991,38,1.26
234,Feyenoord Rotterdam,Pim Verbeek,1815,01/07/1989,08/12/1989,18,1.00
234,Feyenoord Rotterdam,Rob Jacobs,28277,01/07/1988,30/06/1989,36,1.61
234,Feyenoord Rotterdam,Rinus Israël,5409,01/07/1986,30/06/1988,85,1.59
234,Feyenoord Rotterdam,Ab Fafié,24195,01/11/1984,30/06/1986,65,1.88
234,Feyenoord Rotterdam,Thijs Libregts,1936,01/07/1983,31/10/1984,58,2.26
234,Feyenoord Rotterdam,Hans Kraay,14411,01/07/1982,30/06/1983,36,2.19
234,Feyenoord Rotterdam,Vaclav Jezek,18169,01/07/1978,30/06/1982,155,1.75
234,Feyenoord Rotterdam,Vujadin Boskov,8772,01/07/1976,30/06/1978,80,1.53
234,Feyenoord Rotterdam,Antoni Brzeżańczyk,28190,01/07/1975,02/03/1976,26,1.92
234,Feyenoord Rotterdam,Wiel Coerver,23424,01/07/1973,14/05/1975,95,2.22
234,Feyenoord Rotterdam,Ernst Happel,862,01/07/1969,29/04/1973,166,2.31
234,Feyenoord Rotterdam,Ben Peeters,28568,25/04/1967,30/06/1969,93,2.37
234,Feyenoord Rotterdam,Willy Kment,23425,01/07/1964,25/04/1967,103,2.09
234,Feyenoord Rotterdam,Norberto Höfling,32844,01/07/1963,30/06/1964,30,1.77
234,Feyenoord Rotterdam,Franz Fuchs,23428,01/06/1961,30/06/1963,94,1.82
234,Feyenoord Rotterdam,Jiri Sobotka,23426,01/07/1959,30/06/1961,69,2.13
234,Feyenoord Rotterdam,Piet de Wolf,40482,01/07/1958,30/06/1959,30,1.77
234,Feyenoord Rotterdam,Jaap van der Leck,21808,01/07/1956,30/06/1958,83,1.59
234,Feyenoord Rotterdam,Richard Kohn,23448,08/07/1955,30/06/1956,1,0.00
234,Feyenoord Rotterdam,Adriaan Koonings,40481,01/07/1952,30/06/1955,3,1.00
234,Feyenoord Rotterdam,Richard Kohn,23448,01/07/1951,30/06/1952,1,0.00
234,Feyenoord Rotterdam,Adriaan Koonings,40481,01/07/1946,30/06/1950,1,3.00
234,Feyenoord Rotterdam,Jack Hall,23432,01/07/1939,30/06/1940,0,-
234,Feyenoord Rotterdam,Ferenc Molnár,56936,01/07/1936,30/06/1938,0,-
234,Feyenoord Rotterdam,Richard Kohn,23448,01/07/1935,30/06/1939,5,2.40
234,Feyenoord Rotterdam,Jack Hall,23432,01/07/1926,30/06/1929,0,-
234,Feyenoord Rotterdam,Bill Julian,47516,01/07/1921,30/06/1922,1,1.00
1090,AZ Alkmaar,Lee-Roy Echteld,39640,18/01/2026,,33,1.88
1090,AZ Alkmaar,Maarten Martens,49088,17/01/2024,18/01/2026,103,1.79
1090,AZ Alkmaar,Pascal Jansen,18820,05/12/2020,17/01/2024,162,1.93
1090,AZ Alkmaar,Arne Slot,34822,01/07/2019,05/12/2020,58,1.93
1090,AZ Alkmaar,John van den Brom,1886,29/09/2014,30/06/2019,216,1.81
1090,AZ Alkmaar,Marco van Basten,2148,01/07/2014,15/09/2014,3,1.00
1090,AZ Alkmaar,Dick Advocaat,3,16/10/2013,30/06/2014,43,1.47
1090,AZ Alkmaar,Gertjan Verbeek,1288,01/07/2010,29/09/2013,156,1.65
1090,AZ Alkmaar,Dick Advocaat,3,10/12/2009,30/06/2010,19,1.95
1090,AZ Alkmaar,Ronald Koeman,439,01/07/2009,05/12/2009,23,1.48
1090,AZ Alkmaar,Louis van Gaal,2029,01/07/2005,30/06/2009,179,1.92
1090,AZ Alkmaar,Co Adriaanse,501,30/10/2002,30/06/2005,109,1.72
1090,AZ Alkmaar,Henk van Stee,6832,31/03/2000,30/10/2002,65,1.34
1090,AZ Alkmaar,Gerard van der Lem,3241,01/07/1999,30/03/2000,34,2.06
1090,AZ Alkmaar,Willem van Hanegem,4715,01/07/1997,30/06/1999,71,1.73
1090,AZ Alkmaar,Theo Vonk,1426,18/03/1995,28/02/1997,78,1.62
1090,AZ Alkmaar,Piet Schrijvers,24526,01/07/1993,21/11/1994,59,1.61
1090,AZ Alkmaar,Henk Wullems,25997,01/07/1990,30/06/1993,118,1.36
1090,AZ Alkmaar,Hans van Doorneveld,23384,01/07/1989,30/06/1990,37,1.22
1090,AZ Alkmaar,Hans Eijkenbroek,3843,01/01/1987,30/06/1989,83,1.29
1090,AZ Alkmaar,Han Berger,21742,01/07/1986,31/12/1986,21,0.86
1090,AZ Alkmaar,Joop Brand,25994,01/07/1985,30/06/1986,6,0.17
1090,AZ Alkmaar,Piet de Visser,7277,01/07/1983,30/06/1985,73,1.34
1090,AZ Alkmaar,Hans Eijkenbroek,3843,01/07/1982,30/06/1983,39,1.23
1090,AZ Alkmaar,Georg Keßler,926,01/07/1978,30/06/1982,176,2.10
1090,AZ Alkmaar,Cor van der Hart,14062,27/11/1977,30/06/1978,27,2.30
1090,AZ Alkmaar,Jan Notermans,9371,01/07/1977,25/10/1977,13,1.85
1090,AZ Alkmaar,Hans Kraay,14411,01/07/1976,30/06/1977,38,1.95
1090,AZ Alkmaar,Joop Brand,25994,01/07/1973,30/06/1976,120,1.51
1090,AZ Alkmaar,Cor van der Hart,14062,01/07/1971,30/06/1973,79,1.51
1090,AZ Alkmaar,Piet Ouderland,63977,06/05/1971,30/06/1971,5,0.60
1090,AZ Alkmaar,Robert Heinz,31822,01/07/1969,06/05/1971,69,0.91
1090,AZ Alkmaar,Wim Blokland,63976,09/05/1968,10/06/1969,43,1.09
1090,AZ Alkmaar,Leslie Talbot,23427,01/07/1967,08/05/1968,33,1.67
317,FC Twente Enschede,John van den Brom,1886,15/09/2025,,45,1.87
317,FC Twente Enschede,Joseph Oosting,10694,01/07/2023,04/09/2025,95,1.64
317,FC Twente Enschede,Ron Jans,512,01/07/2020,30/06/2023,115,1.70
317,FC Twente Enschede,Gonzalo García,54117,01/07/2019,30/06/2020,28,1.07
317,FC Twente Enschede,Marino Pusic,28942,01/07/2018,06/05/2019,42,2.12
317,FC Twente Enschede,Gertjan Verbeek,1288,30/10/2017,26/03/2018,21,0.76
317,FC Twente Enschede,René Hake,16339,31/08/2015,18/10/2017,75,1.28
317,FC Twente Enschede,Alfred Schreuder,10267,01/07/2014,30/08/2015,45,1.42
317,FC Twente Enschede,Michel Jansen,28258,01/04/2013,30/06/2014,45,1.91
317,FC Twente Enschede,Steve McClaren,458,05/01/2012,26/02/2013,63,1.70
317,FC Twente Enschede,Co Adriaanse,501,01/07/2011,03/01/2012,31,1.94
317,FC Twente Enschede,Michel Preud'homme,3729,01/07/2010,30/06/2011,53,1.98
317,FC Twente Enschede,Steve McClaren,458,01/07/2008,30/06/2010,101,2.09
317,FC Twente Enschede,Fred Rutten,1883,01/07/2006,30/06/2008,81,1.80
317,FC Twente Enschede,Rini Coolen,1477,01/07/2004,01/02/2006,58,1.41
317,FC Twente Enschede,René Vandereycken,1439,24/07/2002,31/05/2004,76,1.38
317,FC Twente Enschede,John van 't Schip,6210,01/07/2001,10/07/2002,40,1.28
317,FC Twente Enschede,Fred Rutten,1883,07/09/1999,30/06/2001,76,1.64
317,FC Twente Enschede,Hans Meyer,302,01/01/1996,05/09/1999,149,1.56
317,FC Twente Enschede,Issy ten Donkelaar,19554,01/07/1994,20/11/1995,58,1.71
317,FC Twente Enschede,Rob Baan,3787,01/07/1992,30/06/1994,75,1.63
317,FC Twente Enschede,Theo Vonk,1426,01/07/1986,30/06/1992,232,1.50
317,FC Twente Enschede,Fritz Korbach,19270,01/07/1983,30/06/1986,123,1.52
317,FC Twente Enschede,Spitz Kohn,14058,04/11/1982,30/06/1983,24,1.04
317,FC Twente Enschede,Rob Groener,35299,01/07/1981,31/10/1982,46,1.11
317,FC Twente Enschede,Hennie Hollink,34883,27/09/1979,30/06/1981,70,1.63
317,FC Twente Enschede,Spitz Kohn,14058,01/07/1972,27/09/1979,314,1.76
317,FC Twente Enschede,Kees Rijvers,14404,01/07/1966,30/06/1972,238,1.71
317,FC Twente Enschede,Friedrich Donenfeld,14520,01/07/1965,30/06/1966,33,1.21
200,FC Utrecht,Anthony Correia,56262,01/07/2026,,6,0.83
200,FC Utrecht,Ron Jans,512,06/09/2023,30/06/2026,124,1.65
200,FC Utrecht,Michael Silberbauer,49694,28/12/2022,29/08/2023,27,1.37
200,FC Utrecht,Henk Fraser,17353,01/07/2022,14/12/2022,15,1.80
200,FC Utrecht,René Hake,16339,08/11/2020,22/03/2022,60,1.50
200,FC Utrecht,John van den Brom,1886,01/07/2019,07/11/2020,39,1.77
200,FC Utrecht,Dick Advocaat,3,17/09/2018,30/06/2019,36,1.78
200,FC Utrecht,Jean-Paul de Jong,21362,02/01/2018,03/09/2018,25,1.36
200,FC Utrecht,Erik ten Hag,3816,01/07/2015,27/12/2017,111,1.74
200,FC Utrecht,Rob Alflen,20372,01/07/2014,30/06/2015,35,1.17
200,FC Utrecht,Jan Wouters,3193,18/10/2011,30/06/2014,104,1.48
200,FC Utrecht,Erwin Koeman,1275,01/07/2011,18/10/2011,10,1.20
200,FC Utrecht,Ton du Chatinier,8165,24/12/2008,19/05/2011,110,1.50
200,FC Utrecht,Willem van Hanegem,4715,01/07/2007,23/12/2008,53,1.21
200,FC Utrecht,Foeke Booy,510,01/07/2002,30/06/2007,201,1.38
200,FC Utrecht,Frans Adelaar,1479,29/03/2000,30/06/2002,82,1.60
200,FC Utrecht,Mark Wotte,496,31/12/1997,28/03/2000,84,1.32
200,FC Utrecht,Jan Wouters,3193,01/07/1997,31/12/1997,0,-
200,FC Utrecht,Ronald Spelbos,13973,18/01/1996,27/11/1997,64,1.08
200,FC Utrecht,Simon Kistemaker,20639,01/07/1995,30/11/1995,19,1.05
200,FC Utrecht,Leo van Veen,24534,17/09/1993,30/06/1995,66,1.14
200,FC Utrecht,Henk Vonk,21863,17/02/1993,16/09/1993,19,0.89
200,FC Utrecht,Ab Fafié,24195,17/10/1990,17/02/1993,94,1.59
200,FC Utrecht,Cees Loffeld,24533,01/07/1989,16/10/1990,43,1.09
200,FC Utrecht,Han Berger,21742,01/07/1987,30/06/1989,74,1.20
200,FC Utrecht,Nol de Ruiter,21836,01/07/1984,30/06/1987,121,1.47
200,FC Utrecht,Barry Hughes,25685,01/07/1983,30/06/1984,36,1.47
200,FC Utrecht,Han Berger,21742,22/01/1976,30/06/1983,288,1.50
200,FC Utrecht,Jan Rab,37926,01/07/1974,21/01/1976,54,0.87
200,FC Utrecht,Bert Jacobs,24131,20/07/1970,30/06/1974,144,1.41
306,SC Heerenveen,Robin Veldman,77172,21/03/2025,,54,1.44
306,SC Heerenveen,Robin van Persie,77452,01/07/2024,23/02/2025,26,1.27
306,SC Heerenveen,Kees van Wonderen,1665,01/07/2022,30/06/2024,76,1.25
306,SC Heerenveen,Johnny Jansen,33770,01/07/2019,24/01/2022,90,1.33
306,SC Heerenveen,Jan Olde Riekerink,1281,01/07/2018,10/04/2019,32,1.38
306,SC Heerenveen,Jürgen Streppel,7032,01/07/2016,30/06/2018,77,1.35
306,SC Heerenveen,Foppe de Haan,498,21/10/2015,30/06/2016,27,1.41
306,SC Heerenveen,Dwight Lodeweges,9102,01/07/2014,30/09/2015,47,1.38
306,SC Heerenveen,Marco van Basten,2148,01/07/2012,30/06/2014,82,1.43
306,SC Heerenveen,Ron Jans,512,01/07/2010,30/06/2012,75,1.60
306,SC Heerenveen,Trond Sollied,1097,01/07/2008,31/08/2009,53,1.66
306,SC Heerenveen,Gertjan Verbeek,1288,01/07/2004,30/06/2008,175,1.60
306,SC Heerenveen,Foppe de Haan,498,18/10/1992,30/06/2004,489,1.60
306,SC Heerenveen,Fritz Korbach,19270,12/02/1990,18/10/1992,106,1.41
306,SC Heerenveen,Ab Gritter,151580,01/07/1989,11/02/1990,24,1.08
306,SC Heerenveen,Ted Immers,23377,01/07/1988,30/06/1989,36,1.89
306,SC Heerenveen,Foppe de Haan,498,01/07/1985,30/06/1988,114,1.18
306,SC Heerenveen,Henk van Brussel,26830,12/11/1979,30/06/1985,211,1.54
306,SC Heerenveen,Jan Teunissen,26829,01/09/1977,04/10/1979,80,1.20
306,SC Heerenveen,László Zalai,50375,01/07/1973,31/08/1977,156,1.43
306,SC Heerenveen,Meg de Jongh,61264,01/06/1971,30/06/1973,81,1.58
306,SC Heerenveen,Bas Paauwe,39616,01/07/1969,01/07/1971,64,1.56
306,SC Heerenveen,Evert Teunissen,32331,01/07/1967,30/06/1969,78,1.24
306,SC Heerenveen,Ron Groenewoud,47931,01/07/1966,30/06/1967,44,0.98
306,SC Heerenveen,László Zalai,50375,01/07/1965,30/06/1966,17,0.71
306,SC Heerenveen,Evert Mur,39557,01/07/1963,30/06/1965,24,2.00
306,SC Heerenveen,Arie de Vroet,31857,01/07/1961,30/06/1963,10,1.50
306,SC Heerenveen,Siem Plooijer,87064,01/07/1958,30/06/1961,39,2.13
306,SC Heerenveen,Bob Kelly,118526,01/07/1951,30/06/1955,10,1.80
306,SC Heerenveen,Otto Bonsema,25582,01/07/1945,31/12/1945,3,3.00
306,SC Heerenveen,Sidney Castle,21712,01/07/1936,30/06/1938,0,-
306,SC Heerenveen,Sidney Castle,21712,01/01/1932,30/06/1932,0,-
202,FC Groningen,Dick Lukkien,2208,01/07/2023,,122,1.54
202,FC Groningen,Dennis van der Ree,42331,02/12/2022,30/06/2023,21,0.29
202,FC Groningen,Frank Wormuth,305,01/07/2022,14/11/2022,15,1.00
202,FC Groningen,Danny Buijs,37630,01/07/2018,30/06/2022,136,1.29
202,FC Groningen,Ernest Faber,2289,01/07/2016,30/06/2018,74,1.18
202,FC Groningen,Erwin van de Looi,12458,01/07/2013,30/06/2016,128,1.48
202,FC Groningen,Robert Maaskant,505,01/06/2012,13/06/2013,38,1.21
202,FC Groningen,Pieter Huistra,2435,01/07/2010,10/05/2012,77,1.42
202,FC Groningen,Ron Jans,512,21/10/2002,30/06/2010,304,1.43
202,FC Groningen,Dwight Lodeweges,9102,01/07/2001,21/10/2002,50,1.26
202,FC Groningen,Jan van Dijk,1478,01/03/1998,30/06/2001,141,1.66
202,FC Groningen,Wim Rijsbergen,3319,01/07/1997,28/02/1998,25,0.88
202,FC Groningen,Hans Westerhof,5107,01/07/1994,25/02/1997,107,1.22
202,FC Groningen,Wim Koevermans,20854,18/03/1994,30/06/1994,9,1.56
202,FC Groningen,Theo Vonk,1426,01/07/1993,18/03/1994,26,0.81
202,FC Groningen,Leen Looijen,6554,26/02/1993,30/06/1993,14,1.14
202,FC Groningen,Pim Verbeek,1815,01/07/1992,26/02/1993,25,1.16
202,FC Groningen,Hans Westerhof,5107,01/07/1988,30/06/1992,159,1.57
202,FC Groningen,Henk van Brussel,26830,01/07/1987,30/06/1988,39,1.46
202,FC Groningen,Rob Jacobs,28277,01/07/1986,30/09/1987,49,1.29
202,FC Groningen,Han Berger,21742,01/07/1983,30/06/1986,118,1.64
202,FC Groningen,Theo Verlangen,26833,01/07/1977,30/06/1983,236,1.63
202,FC Groningen,Jan Notermans,9371,01/04/1976,30/06/1977,50,1.58
202,FC Groningen,Anton Goedhart,107588,01/07/1975,31/03/1976,27,1.56
202,FC Groningen,Ron Groenewoud,47931,26/11/1974,30/06/1975,29,1.93
202,FC Groningen,Ron Groenewoud,47931,01/07/1970,24/10/1974,153,1.27
202,FC Groningen,Jan de Jong,70257,22/11/1969,30/06/1970,24,1.13
202,FC Groningen,Ludwig Veg,34587,01/07/1965,22/11/1969,168,1.23
202,FC Groningen,Tinus van der Pijl,23793,01/07/1962,30/06/1965,82,1.34
202,FC Groningen,Otto Bonsema,25582,01/01/1948,30/06/1962,185,1.37
202,FC Groningen,Hennie Oostinga,47517,01/07/1944,31/12/1947,4,0.75
202,FC Groningen,Menno Wierema †,47519,01/07/1932,30/06/1944,0,-
202,FC Groningen,Jacob Deen †,47619,01/07/1928,30/06/1932,0,-
202,FC Groningen,Bill Julian,47516,01/07/1927,30/06/1928,0,-
499,Vitesse Arnhem,Rüdiger Rehm,11289,01/07/2025,,45,1.47
499,Vitesse Arnhem,John van den Brom,1886,01/07/2024,30/06/2025,39,1.13
499,Vitesse Arnhem,Edward Sturing,597,20/11/2023,30/06/2024,25,0.88
499,Vitesse Arnhem,Phillip Cocu,6405,26/09/2022,11/11/2023,39,1.03
499,Vitesse Arnhem,Thomas Letsch,335,01/07/2020,21/09/2022,101,1.61
499,Vitesse Arnhem,Leonid Slutskiy,2763,01/07/2018,29/11/2019,62,1.55
499,Vitesse Arnhem,Henk Fraser,17353,01/07/2016,11/04/2018,78,1.49
499,Vitesse Arnhem,Rob Maas,14649,04/01/2016,30/06/2016,17,1.06
499,Vitesse Arnhem,Peter Bosz,1269,01/07/2013,03/01/2016,103,1.60
499,Vitesse Arnhem,Fred Rutten,1883,01/07/2012,30/06/2013,41,1.88
499,Vitesse Arnhem,John van den Brom,1886,01/07/2011,30/06/2012,42,1.69
499,Vitesse Arnhem,Albert Ferrer,16562,27/10/2010,30/06/2011,25,1.20
499,Vitesse Arnhem,Theo Bos,2334,03/01/2009,21/10/2010,63,1.17
499,Vitesse Arnhem,Hans Westerhof,5107,01/07/2008,30/12/2008,19,0.95
499,Vitesse Arnhem,Edward Sturing,597,26/03/2003,30/06/2006,124,1.31
499,Vitesse Arnhem,Mike Snoei,497,01/07/2002,25/03/2003,32,0.88
499,Vitesse Arnhem,Edward Sturing,597,03/12/2001,30/06/2002,19,1.79
499,Vitesse Arnhem,Ronald Koeman,439,01/01/2000,02/12/2001,75,1.73
499,Vitesse Arnhem,Herbert Neumann,2324,09/10/1998,30/10/1999,44,1.64
499,Vitesse Arnhem,Artur Jorge,3033,01/07/1998,08/10/1998,10,2.10
499,Vitesse Arnhem,Henk ten Cate,573,12/01/1997,30/06/1998,53,1.85
499,Vitesse Arnhem,Leo Beenhakker,2120,01/07/1996,11/01/1997,20,1.65
499,Vitesse Arnhem,Frans Thijssen,21753,20/11/1995,30/06/1996,21,1.71
499,Vitesse Arnhem,Ronald Spelbos,13973,01/07/1995,20/11/1995,16,1.44
499,Vitesse Arnhem,Herbert Neumann,2324,01/07/1992,30/06/1995,116,1.66
499,Vitesse Arnhem,Bert Jacobs,24131,15/09/1987,30/06/1992,184,1.65
499,Vitesse Arnhem,Niels Overweg,27528,01/07/1987,14/09/1987,7,0.71
499,Vitesse Arnhem,Hans Dorjee,19587,01/07/1986,30/06/1987,39,1.59
499,Vitesse Arnhem,Janusz Kowalik,53026,01/07/1985,30/06/1986,43,1.26
499,Vitesse Arnhem,Clemens Westerhof,9269,01/07/1984,30/06/1985,38,1.08
499,Vitesse Arnhem,Leen Looijen,6554,01/07/1982,14/02/1984,52,1.33
499,Vitesse Arnhem,Henk Wullems,25997,01/07/1976,30/06/1982,225,1.38
499,Vitesse Arnhem,Clemens Westerhof,9269,05/11/1975,30/06/1976,30,1.57
499,Vitesse Arnhem,Nedeljko Bulatovic,62972,01/07/1974,22/09/1975,51,1.57
499,Vitesse Arnhem,Frans de Munck,32749,01/07/1972,30/06/1974,86,1.69
499,Vitesse Arnhem,Cor Brom,14051,01/07/1969,30/06/1972,103,1.23
499,Vitesse Arnhem,Frans de Munck,32749,02/09/1966,30/06/1969,112,1.62
499,Vitesse Arnhem,Joseph Gruber,21715,01/07/1964,01/09/1966,22,1.91
499,Vitesse Arnhem,Jan Zonnenberg,35742,01/07/1962,30/06/1964,0,-
499,Vitesse Arnhem,Branko Vidovic,117428,01/07/1960,30/06/1962,0,-
499,Vitesse Arnhem,Louis Pastoor,32387,01/07/1957,30/06/1960,0,-
499,Vitesse Arnhem,Joseph Gruber,21715,01/07/1954,30/06/1957,3,1.00
499,Vitesse Arnhem,Jan Zonnenberg,35742,01/09/1949,30/06/1954,16,2.06
499,Vitesse Arnhem,Gerrit Horsten,136596,15/02/1949,31/08/1949,0,-
499,Vitesse Arnhem,Gerrit Horsten,136596,01/12/1947,29/02/1948,0,-
499,Vitesse Arnhem,Gerrit Horsten,136596,15/08/1938,04/10/1946,4,1.50
499,Vitesse Arnhem,Charles Griffiths,74641,01/07/1920,30/06/1922,0,-
499,Vitesse Arnhem,John Sutcliffe,136598,01/08/1914,31/07/1915,3,1.00
499,Vitesse Arnhem,John Sutcliffe,136598,12/04/1914,31/05/1914,0,-
499,Vitesse Arnhem,Edgar Chadwick,19008,01/07/1913,30/06/1914,0,-
468,Sparta Rotterdam,Rogier Meijer,49162,01/07/2026,,6,0.83
468,Sparta Rotterdam,Maurice Steijn,13405,04/11/2024,30/06/2026,61,1.26
468,Sparta Rotterdam,Jeroen Rijsdijk,35419,03/07/2023,01/11/2024,48,1.38
468,Sparta Rotterdam,Maurice Steijn,13405,25/04/2022,30/06/2023,43,1.72
468,Sparta Rotterdam,Henk Fraser,17353,01/07/2018,24/04/2022,139,1.36
468,Sparta Rotterdam,Alex Pastoor,3801,01/01/2015,17/12/2017,111,1.46
468,Sparta Rotterdam,Gert Kruys,1428,01/01/2014,29/11/2014,39,1.13
468,Sparta Rotterdam,Adrie Bogers,3053,01/07/2013,02/12/2013,19,1.79
468,Sparta Rotterdam,Henk ten Cate,573,07/04/2013,30/06/2013,8,1.38
468,Sparta Rotterdam,Michel Vonk,2282,01/07/2011,02/04/2013,65,1.86
468,Sparta Rotterdam,Jan Everse Jr.,3786,01/07/2010,24/02/2011,25,1.24
468,Sparta Rotterdam,Aad de Mos,853,04/04/2010,18/05/2010,8,0.75
468,Sparta Rotterdam,Frans Adelaar,1479,01/07/2009,04/04/2010,34,1.00
468,Sparta Rotterdam,Foeke Booy,510,18/12/2007,30/06/2009,56,1.13
468,Sparta Rotterdam,Gert Aandewiel,2065,01/07/2007,11/11/2007,12,0.42
468,Sparta Rotterdam,Wiljan Vloet,499,01/07/2005,13/02/2007,58,1.10
468,Sparta Rotterdam,Mike Snoei,497,01/07/2003,24/05/2005,84,1.92
468,Sparta Rotterdam,Chris Dekker,1271,09/02/2003,30/06/2003,15,1.53
468,Sparta Rotterdam,Fritz Korbach,19270,22/01/2003,24/01/2003,0,-
468,Sparta Rotterdam,Frank Rijkaard,570,01/07/2001,30/06/2002,40,0.78
468,Sparta Rotterdam,Dolf Roks,2190,27/10/1999,16/02/2001,44,0.91
468,Sparta Rotterdam,Jan Everse Jr.,3786,24/12/1998,22/10/1999,34,1.21
468,Sparta Rotterdam,Hans van der Zee,25863,01/07/1997,07/12/1998,53,1.00
468,Sparta Rotterdam,Joop Brand,25994,12/01/1997,30/06/1997,12,1.17
468,Sparta Rotterdam,Henk ten Cate,573,01/07/1995,11/01/1997,64,1.53
468,Sparta Rotterdam,Han Berger,21742,01/07/1993,30/06/1995,79,1.24
468,Sparta Rotterdam,Rob Jacobs,28277,01/07/1991,30/06/1993,75,1.28
468,Sparta Rotterdam,Hans van Doorneveld,23384,01/07/1990,30/06/1991,37,1.14
468,Sparta Rotterdam,Rob Baan,3787,01/07/1988,30/06/1990,71,1.24
468,Sparta Rotterdam,Barry Hughes,25685,01/07/1986,30/06/1988,70,1.31
468,Sparta Rotterdam,Theo Vonk,1426,01/07/1984,30/06/1986,77,1.58
468,Sparta Rotterdam,Bert Jacobs,24131,01/07/1983,30/06/1984,43,1.49
468,Sparta Rotterdam,Barry Hughes,25685,01/07/1980,30/06/1983,107,1.44
468,Sparta Rotterdam,Joop Brand,25994,05/03/1980,30/06/1980,12,1.83
468,Sparta Rotterdam,Hans Kraay,14411,01/01/1980,30/06/1980,1,0.00
468,Sparta Rotterdam,Mircea Petescu,25996,01/07/1978,19/12/1979,55,1.31
468,Sparta Rotterdam,Cor Brom,14051,01/07/1976,30/06/1978,81,1.53
468,Sparta Rotterdam,Leo Steegman,25862,04/04/1972,30/06/1976,162,1.38
468,Sparta Rotterdam,Alexander Schwartz,884,01/07/1971,03/04/1972,34,1.82
468,Sparta Rotterdam,Georg Keßler,926,01/07/1970,30/06/1971,44,1.86
468,Sparta Rotterdam,Pim Visser,26834,28/11/1969,30/06/1970,19,1.84
468,Sparta Rotterdam,Wiel Coerver,23424,01/07/1966,28/11/1969,138,1.67
468,Sparta Rotterdam,Daaf Westhoven,138881,09/05/1966,30/06/1966,3,1.00
468,Sparta Rotterdam,Bill Thompson,39102,01/07/1963,08/05/1966,103,1.32
468,Sparta Rotterdam,Denis Neville,14273,01/07/1955,30/06/1963,258,1.62
468,Sparta Rotterdam,Toon van den Enden,122155,15/12/1950,30/06/1955,2,3.00
468,Sparta Rotterdam,Walter Crook,21647,03/07/1950,14/12/1950,0,-
468,Sparta Rotterdam,Dug Livingstone,23535,01/07/1949,30/06/1951,0,-
468,Sparta Rotterdam,Toon van den Enden,122155,01/07/1944,30/06/1948,0,-
468,Sparta Rotterdam,Adriaan Koonings,40481,01/07/1930,30/06/1944,1,3.00
468,Sparta Rotterdam,Edgar Chadwick,19008,01/01/1915,31/12/1915,3,2.00
468,Sparta Rotterdam,Jimmy Wilson,141385,01/03/1914,30/06/1918,1,3.00
385,Fortuna Sittard,Danny Buijs,37630,01/07/2023,,116,1.23
385,Fortuna Sittard,Julio Velázquez,17326,12/09/2022,30/06/2023,28,1.25
385,Fortuna Sittard,Sjors Ultee,35586,02/12/2020,22/08/2022,64,1.19
385,Fortuna Sittard,Kevin Hofland,34709,01/07/2020,11/11/2020,9,0.67
385,Fortuna Sittard,Sjors Ultee,35586,01/07/2019,30/06/2020,29,1.14
385,Fortuna Sittard,René Eijer,58828,01/07/2018,30/06/2019,38,1.13
385,Fortuna Sittard,Sunday Oliseh,3631,02/01/2017,01/05/2018,46,1.74
385,Fortuna Sittard,Ben van Dael,18744,07/12/2015,17/12/2016,40,1.08
385,Fortuna Sittard,Peter van Vossen,5123,01/07/2014,04/10/2015,49,0.73
385,Fortuna Sittard,Wil Boessen,2199,13/06/2012,30/06/2014,74,1.38
385,Fortuna Sittard,Tini Ruijs,22498,01/01/2012,30/06/2012,17,1.71
385,Fortuna Sittard,Wim Dusseldorp,14500,01/07/2010,31/12/2011,53,0.89
385,Fortuna Sittard,Roger Reijners,2210,15/12/2007,30/06/2010,91,1.01
385,Fortuna Sittard,Henk Wisman,509,01/07/2007,15/12/2008,22,1.00
385,Fortuna Sittard,Frans Körver,3742,01/07/2006,30/06/2007,39,1.10
385,Fortuna Sittard,Chris Dekker,1271,01/07/2004,30/06/2006,73,0.70
385,Fortuna Sittard,Hans de Koning,2312,14/12/2001,30/06/2004,88,0.67
385,Fortuna Sittard,Hans Verèl,13870,01/07/2001,14/12/2001,23,0.91
385,Fortuna Sittard,Frans Thijssen,21753,06/12/2000,30/06/2001,23,1.43
385,Fortuna Sittard,Henk Duut,3794,01/07/2000,26/11/2000,17,0.94
385,Fortuna Sittard,Bert van Marwijk,502,03/09/1997,30/06/2000,112,1.41
385,Fortuna Sittard,Pim Verbeek,1815,01/07/1994,03/09/1997,109,1.41
385,Fortuna Sittard,Chris Dekker,1271,01/07/1992,22/02/1994,65,1.12
385,Fortuna Sittard,Georg Keßler,926,01/11/1991,30/06/1992,18,1.39
385,Fortuna Sittard,Han Berger,21742,01/07/1989,31/10/1991,87,1.17
385,Fortuna Sittard,Hans van Doorneveld,23384,01/07/1987,21/02/1989,60,1.45
385,Fortuna Sittard,Han Berger,21742,01/01/1987,30/06/1987,17,1.53
385,Fortuna Sittard,Bert Jacobs,24131,01/07/1984,31/12/1986,100,1.32
385,Fortuna Sittard,Frans Körver,3742,01/07/1980,30/06/1984,149,1.58
385,Fortuna Sittard,Joop Castenmiller,26820,01/07/1977,30/06/1980,123,1.67
385,Fortuna Sittard,Cor van der Hart,14062,01/04/1976,30/06/1977,53,1.58
385,Fortuna Sittard,Cor Brom,14051,01/07/1972,05/01/1976,141,1.53
385,Fortuna Sittard,Henk Brinkhuis,3849,23/05/1972,30/06/1972,3,1.00
385,Fortuna Sittard,Evert Teunissen,32331,01/07/1970,22/05/1972,74,1.27
385,Fortuna Sittard,Henk Reuvers,70283,16/12/1969,30/06/1970,18,1.00
385,Fortuna Sittard,Frans Debruijn,62756,01/07/1968,16/12/1969,52,0.79
467,NEC Nijmegen,Dick Schreuder,33196,01/07/2025,,51,1.67
467,NEC Nijmegen,Rogier Meijer,49162,01/07/2020,30/06/2025,194,1.46
467,NEC Nijmegen,François Gesthuizen,29276,01/07/2019,30/06/2020,30,1.50
467,NEC Nijmegen,Jack de Gier,12006,01/07/2018,02/04/2019,34,1.32
467,NEC Nijmegen,Pepijn Lijnders,23095,03/01/2018,17/05/2018,22,1.68
467,NEC Nijmegen,Adrie Bogers,3053,11/07/2017,02/01/2018,21,2.19
467,NEC Nijmegen,Peter Hyballa,4853,01/07/2016,24/04/2017,33,0.85
467,NEC Nijmegen,Ernest Faber,2289,01/07/2015,30/06/2016,37,1.41
467,NEC Nijmegen,Ruud Brood,1270,01/07/2014,30/06/2015,41,2.61
467,NEC Nijmegen,Anton Janssen,7745,27/08/2013,27/05/2014,37,1.11
467,NEC Nijmegen,Alex Pastoor,3801,01/07/2011,19/08/2013,78,1.21
467,NEC Nijmegen,Wiljan Vloet,499,16/11/2009,30/06/2011,58,1.17
467,NEC Nijmegen,Dwight Lodeweges,9102,01/07/2009,27/10/2009,12,1.17
467,NEC Nijmegen,Mario Been,2285,01/07/2006,30/06/2009,128,1.42
467,NEC Nijmegen,Cees Lok,2008,13/12/2004,19/12/2005,32,1.38
467,NEC Nijmegen,Johan Neeskens,507,01/07/2000,13/12/2004,167,1.22
467,NEC Nijmegen,Jimmy Calderwood,657,01/07/1997,29/12/1999,93,1.25
467,NEC Nijmegen,Wim Koevermans,20854,08/12/1995,03/03/1997,48,0.92
467,NEC Nijmegen,Cees van Kooten,1287,01/07/1994,08/12/1995,58,1.07
467,NEC Nijmegen,Jan Pruijn,14911,06/05/1991,30/06/1994,130,1.75
467,NEC Nijmegen,Leen Looijen,6554,01/07/1987,06/05/1991,144,1.39
467,NEC Nijmegen,Sándor Popovics,14795,01/07/1985,30/06/1987,88,1.22
467,NEC Nijmegen,Pim van de Meent,25725,01/07/1981,30/06/1985,169,1.29
467,NEC Nijmegen,Leen Looijen,6554,01/07/1978,30/06/1981,106,1.01
467,NEC Nijmegen,Hans Croon,26711,01/07/1976,30/06/1978,76,0.97
467,NEC Nijmegen,Piet de Visser,7277,01/07/1974,30/06/1976,72,1.54
467,NEC Nijmegen,Leen Looijen,6554,01/01/1974,30/06/1974,18,0.94
467,NEC Nijmegen,Meg de Jongh,61264,01/07/1973,02/01/1974,18,0.72
467,NEC Nijmegen,Wiel Coerver,23424,01/07/1970,30/06/1973,115,1.48
467,NEC Nijmegen,Jan Remmers,32800,01/07/1961,30/06/1970,177,1.40
467,NEC Nijmegen,Joop de Busser,64663,01/07/1960,30/06/1961,1,3.00
467,NEC Nijmegen,Wim Groenendijk,23431,01/07/1958,30/06/1960,0,-
467,NEC Nijmegen,Karel ter Horst,52608,27/11/1957,01/04/1958,0,-
467,NEC Nijmegen,Ferdi Silz,38059,01/07/1956,30/06/1957,0,-
467,NEC Nijmegen,Coen Delsen,158076,01/07/1954,30/06/1956,1,1.00
467,NEC Nijmegen,Jan Bijl,138993,01/07/1949,30/06/1954,1,1.00
467,NEC Nijmegen,Jan Bijl,138993,01/07/1942,30/06/1944,0,-
467,NEC Nijmegen,Bill Julian,47516,01/07/1939,30/06/1940,0,-
467,NEC Nijmegen,Coen Delsen,158076,01/07/1936,30/06/1937,0,-
724,FC Volendam,Erwin van de Looi,12458,01/07/2026,,7,1.29
724,FC Volendam,Rick Kruys,58257,01/07/2024,30/06/2026,80,1.61
724,FC Volendam,Regillio Simons,50182,21/12/2023,30/06/2024,18,0.44
724,FC Volendam,Matthias Kohler,39536,01/07/2023,04/12/2023,15,0.53
724,FC Volendam,Wim Jonk,21800,01/07/2019,30/06/2023,145,1.62
724,FC Volendam,Hans de Koning,2312,01/10/2018,30/06/2019,31,1.23
724,FC Volendam,Misha Salden,11799,01/07/2017,29/09/2018,48,1.08
724,FC Volendam,Robert Molenaar,19836,01/07/2015,24/04/2017,79,1.52
724,FC Volendam,Hans de Koning,2312,01/07/2012,30/06/2015,119,1.66
724,FC Volendam,Gert Kruys,1428,01/07/2010,06/03/2012,68,1.43
724,FC Volendam,Edward Sturing,597,01/07/2009,13/02/2010,26,1.04
724,FC Volendam,Frans Adelaar,1479,01/07/2008,30/06/2009,39,1.05
724,FC Volendam,Stanley Menzo,2067,01/07/2006,30/06/2008,78,1.86
724,FC Volendam,Ernie Brandts,2104,20/03/2005,30/06/2006,60,1.75
724,FC Volendam,Job Dragtsma,7865,01/07/2004,15/03/2005,27,1.52
724,FC Volendam,Henk Wisman,509,01/07/2000,29/01/2004,139,1.53
724,FC Volendam,Andries Jonker,1274,01/07/1999,30/06/2000,36,0.89
724,FC Volendam,Dick de Boer,3442,01/07/1997,30/11/1998,47,0.70
724,FC Volendam,Hans van der Zee,25863,01/07/1996,30/06/1997,34,1.12
724,FC Volendam,Bert Jacobs,24131,01/07/1995,30/06/1996,37,0.81
724,FC Volendam,Wim Rijsbergen,3319,27/01/1994,30/06/1995,55,1.44
724,FC Volendam,Leo Steegman,25862,24/10/1993,27/01/1994,10,0.70
724,FC Volendam,André Stafleu,118082,05/11/1992,24/10/1993,0,-
724,FC Volendam,Fritz Korbach,19270,05/11/1992,24/10/1993,35,1.46
724,FC Volendam,Leo Steegman,25862,01/07/1988,04/11/1992,151,1.26
724,FC Volendam,Jan Brouwer,27226,01/07/1986,30/06/1988,75,1.56
724,FC Volendam,Barry Hughes,25685,01/07/1985,30/06/1986,38,1.50
724,FC Volendam,Leo Beenhakker,2120,01/07/1984,30/06/1985,38,1.08
724,FC Volendam,Simon Kistemaker,20639,04/02/1984,30/06/1984,15,1.00
724,FC Volendam,Cor van der Hart,14062,01/07/1983,06/01/1984,17,0.94
724,FC Volendam,Fritz Korbach,19270,01/07/1982,30/06/1983,33,1.91
724,FC Volendam,Dick 'Kick' Maurer,29930,09/07/1981,30/06/1982,36,1.11
724,FC Volendam,Henk Ellens,26823,01/06/1979,30/06/1981,84,1.80
724,FC Volendam,Jan Mak,19065,01/07/1977,01/03/1978,25,1.24
724,FC Volendam,Leo Steegman,25862,01/07/1976,30/06/1977,43,1.72
724,FC Volendam,Arie Stehouwer,39555,01/07/1975,30/06/1976,37,1.08
724,FC Volendam,Bruin 'Joep' Steur,91113,01/07/1972,30/06/1975,126,1.58
724,FC Volendam,Hans Croon,26711,22/04/1969,30/06/1972,109,1.25
724,FC Volendam,Ron Dellow,29927,01/07/1964,22/04/1969,128,1.37
724,FC Volendam,Piet Dubbelman,110998,01/07/1962,30/06/1964,60,0.95
724,FC Volendam,Bram Appel,25654,01/07/1960,30/06/1962,35,1.49
724,FC Volendam,Gerrie Stroker,21646,01/07/1958,30/06/1960,35,1.03
724,FC Volendam,Leen van Woerkom,156766,01/07/1950,30/06/1958,1,0.00
724,FC Volendam,Eddy Hamel,135602,01/07/1932,30/06/1940,0,-
1435,Go Ahead Eagles,Joseph Oosting,10694,01/07/2026,,6,1.50
1435,Go Ahead Eagles,Melvin Boel,55702,01/07/2025,03/06/2026,46,1.11
1435,Go Ahead Eagles,Paul Simonis,61348,07/07/2024,30/06/2025,41,1.63
1435,Go Ahead Eagles,René Hake,16339,01/07/2022,06/07/2024,75,1.37
1435,Go Ahead Eagles,Kees van Wonderen,1665,01/07/2020,30/06/2022,79,1.66
1435,Go Ahead Eagles,Jack de Gier,12006,01/07/2019,30/06/2020,33,1.73
1435,Go Ahead Eagles,John Stegeman,10972,01/07/2018,30/06/2019,44,1.61
1435,Go Ahead Eagles,Jan van Staa,21939,05/12/2017,30/06/2018,22,0.86
1435,Go Ahead Eagles,Leon Vlemmings,2198,01/07/2017,03/12/2017,18,1.17
1435,Go Ahead Eagles,Robert Maaskant,505,25/03/2017,30/06/2017,7,0.43
1435,Go Ahead Eagles,Hans de Koning,2312,22/02/2016,22/03/2017,43,1.21
1435,Go Ahead Eagles,Dennis Demmers,24907,22/03/2015,31/01/2016,33,1.27
1435,Go Ahead Eagles,Foeke Booy,510,01/07/2013,22/03/2015,66,1.02
1435,Go Ahead Eagles,Erik ten Hag,3816,01/07/2012,30/06/2013,39,1.72
1435,Go Ahead Eagles,Jimmy Calderwood,657,30/03/2012,30/06/2012,7,2.00
1435,Go Ahead Eagles,Joop Gall,2144,01/07/2011,24/03/2012,31,1.35
1435,Go Ahead Eagles,Andries Ulderink,1430,07/03/2008,30/06/2011,131,1.51
1435,Go Ahead Eagles,Mike Snoei,497,01/07/2005,04/03/2008,82,1.21
1435,Go Ahead Eagles,Raymond Libregts,1279,15/01/2003,30/06/2005,95,1.25
1435,Go Ahead Eagles,Robert Maaskant,505,01/07/2002,02/02/2003,17,1.94
1435,Go Ahead Eagles,Jan van Staa,21939,01/07/1997,30/06/2002,186,1.30
1435,Go Ahead Eagles,Leo van Veen,24534,01/07/1996,30/06/1997,40,1.75
1435,Go Ahead Eagles,Ab Fafié,24195,27/01/1995,15/04/1996,54,1.24
1435,Go Ahead Eagles,Henk ten Cate,573,01/07/1993,27/01/1995,56,0.95
1435,Go Ahead Eagles,Jan Versleijen,18495,01/07/1990,30/06/1993,124,1.40
1435,Go Ahead Eagles,Henk ten Cate,573,13/02/1990,30/06/1990,17,1.82
1435,Go Ahead Eagles,Fritz Korbach,19270,01/07/1988,12/02/1990,59,1.34
1435,Go Ahead Eagles,Mircea Petescu,25996,15/02/1988,30/06/1988,15,1.13
1435,Go Ahead Eagles,Nico van Zoghel,24196,01/07/1985,30/06/1988,91,1.10
1435,Go Ahead Eagles,Henk Wullems,25997,04/03/1983,30/06/1985,87,1.34
1435,Go Ahead Eagles,Bob Maaskant,32360,01/07/1981,03/03/1983,61,1.16
1435,Go Ahead Eagles,Spitz Kohn,14058,01/07/1980,30/06/1981,39,1.18
1435,Go Ahead Eagles,Joop Brand,25994,01/07/1978,17/02/1980,57,1.26
1435,Go Ahead Eagles,Henk van Brussel,26830,05/09/1977,30/06/1978,28,1.21
1435,Go Ahead Eagles,Wiel Coerver,23424,01/07/1976,30/06/1977,35,1.17
1435,Go Ahead Eagles,Henk van Brussel,26830,01/04/1976,30/06/1976,9,1.33
1435,Go Ahead Eagles,Leo Beenhakker,2120,01/07/1975,31/03/1976,27,0.89
1435,Go Ahead Eagles,Henk van Brussel,26830,24/03/1975,30/06/1975,8,1.38
1435,Go Ahead Eagles,Jan Notermans,9371,01/07/1973,23/03/1975,62,1.11
1435,Go Ahead Eagles,Barry Hughes,25685,01/07/1970,30/06/1973,107,1.30
1435,Go Ahead Eagles,František Fadrhonc,14398,01/07/1962,30/06/1970,270,1.57
1435,Go Ahead Eagles,Gilbert Richmond,34745,01/07/1957,30/06/1962,4,0.00
1435,Go Ahead Eagles,Wim de Bois,43620,01/07/1956,30/06/1957,0,-
1435,Go Ahead Eagles,Franz Köhler,38256,01/07/1954,30/06/1956,1,0.00
1435,Go Ahead Eagles,Jan de Kreek,150302,01/07/1950,30/06/1953,15,0.93
1435,Go Ahead Eagles,Edu Haes,150465,01/07/1940,30/06/1943,1,0.00
1435,Go Ahead Eagles,Edu Haes,150465,01/07/1933,30/06/1937,1,1.00
798,Excelsior Rotterdam,Ruben den Uil,69015,01/07/2024,,82,1.56
798,Excelsior Rotterdam,Marinus Dijkhuizen,25155,29/01/2020,30/06/2024,171,1.35
798,Excelsior Rotterdam,Ricardo Moniz,5041,08/04/2019,28/01/2020,32,1.47
798,Excelsior Rotterdam,Adrie Poldervaart,37913,01/07/2018,04/04/2019,29,0.90
798,Excelsior Rotterdam,Mitchell van der Gaag,11774,01/07/2016,30/06/2018,71,1.13
798,Excelsior Rotterdam,Alfons Groenendijk,2234,01/07/2015,30/06/2016,36,0.92
798,Excelsior Rotterdam,Marinus Dijkhuizen,25155,01/01/2014,30/06/2015,59,1.47
798,Excelsior Rotterdam,Jon Dahl Tomasson,19838,01/07/2013,25/12/2013,25,1.56
798,Excelsior Rotterdam,Leon Vlemmings,2198,01/07/2012,30/06/2013,31,0.68
798,Excelsior Rotterdam,John Lammers,19477,01/07/2011,30/06/2012,36,0.61
798,Excelsior Rotterdam,Alex Pastoor,3801,01/07/2009,30/06/2011,82,1.51
798,Excelsior Rotterdam,Ton Lokhoff,1280,01/07/2006,30/06/2009,116,1.19
798,Excelsior Rotterdam,Mario Been,2285,01/07/2005,30/06/2006,38,1.97
798,Excelsior Rotterdam,Tahseen Jabbary,121530,01/09/2004,31/05/2005,33,1.24
798,Excelsior Rotterdam,John Metgod,2203,01/08/2004,30/07/2005,3,1.00
798,Excelsior Rotterdam,Henk van Stee,6832,01/07/2002,30/06/2003,0,-
798,Excelsior Rotterdam,Adrie Koster,2200,01/07/1997,30/06/2003,240,1.48
798,Excelsior Rotterdam,John Metgod,2203,13/12/1996,30/06/1997,17,0.88
798,Excelsior Rotterdam,Hans van der Pluijm,22528,01/07/1995,12/12/1996,54,0.70
798,Excelsior Rotterdam,Rob Baan,3787,01/07/1994,30/06/1995,43,1.72
798,Excelsior Rotterdam,Cor Pot,839,01/07/1992,30/06/1994,73,1.10
798,Excelsior Rotterdam,Sándor Popovics,14795,01/07/1990,30/06/1992,84,1.04
798,Excelsior Rotterdam,Joop van Daele,37268,01/07/1989,02/01/1990,20,1.05
798,Excelsior Rotterdam,Henk Wullems,25997,01/07/1986,30/06/1989,110,1.31
798,Excelsior Rotterdam,Rob Jacobs,28277,01/07/1982,30/06/1986,145,1.19
798,Excelsior Rotterdam,Hans Dorjee,19587,01/07/1980,30/06/1982,78,1.35
798,Excelsior Rotterdam,Thijs Libregts,1936,01/07/1975,30/06/1980,202,1.44
798,Excelsior Rotterdam,Ben Peeters,28568,01/07/1973,30/06/1975,76,1.47
798,Excelsior Rotterdam,Joop Castenmiller,26820,01/07/1971,30/06/1973,73,0.77
798,Excelsior Rotterdam,Bob Janse,64660,02/12/1970,30/06/1971,20,0.80
798,Excelsior Rotterdam,Bob Janse,64660,01/07/1968,27/08/1970,74,1.95
798,Excelsior Rotterdam,Rinus Smits,111020,01/07/1962,30/06/1968,106,1.40
798,Excelsior Rotterdam,Bob Janse,64660,01/07/1960,30/12/1960,0,-
798,Excelsior Rotterdam,Bob Janse,64660,01/07/1956,30/06/1962,1,0.00
798,Excelsior Rotterdam,Rinus Smits,111020,01/07/1949,01/02/1956,2,1.50
133,SC Cambuur Leeuwarden,Johan Plat,50839,01/07/2026,,6,0.67
133,SC Cambuur Leeuwarden,Henk de Jong,3797,10/10/2023,30/06/2026,115,1.73
133,SC Cambuur Leeuwarden,Sjors Ultee,35586,28/11/2022,09/10/2023,30,0.80
133,SC Cambuur Leeuwarden,Henk de Jong,3797,01/07/2019,21/10/2022,95,2.06
133,SC Cambuur Leeuwarden,René Hake,16339,31/01/2018,30/06/2019,63,1.60
133,SC Cambuur Leeuwarden,Marinus Dijkhuizen,25155,01/07/2017,28/11/2017,17,1.18
133,SC Cambuur Leeuwarden,Arne Slot,34822,15/10/2016,30/06/2017,0,-
133,SC Cambuur Leeuwarden,Rob Maas,14649,01/07/2016,15/10/2016,11,1.27
133,SC Cambuur Leeuwarden,Marcel Keizer,23940,15/02/2016,30/06/2016,11,0.45
133,SC Cambuur Leeuwarden,Henk de Jong,3797,02/04/2014,09/02/2016,66,1.02
133,SC Cambuur Leeuwarden,Dwight Lodeweges,9102,01/07/2013,01/04/2014,32,1.28
133,SC Cambuur Leeuwarden,Alfons Arts,2226,28/10/2010,22/03/2013,91,1.64
133,SC Cambuur Leeuwarden,Stanley Menzo,2067,20/09/2008,27/10/2010,88,1.83
133,SC Cambuur Leeuwarden,Jurrie Koolhof,1276,01/07/2007,14/09/2008,45,1.11
133,SC Cambuur Leeuwarden,Roy Wesseling,2009,01/07/2005,19/02/2007,69,1.20
133,SC Cambuur Leeuwarden,Dick de Boer,3442,01/07/2003,31/12/2004,55,0.87
133,SC Cambuur Leeuwarden,Rob McDonald,16350,01/07/2002,30/06/2003,34,1.18
133,SC Cambuur Leeuwarden,Gert Kruys,1428,01/07/1998,18/05/2002,163,1.22
133,SC Cambuur Leeuwarden,Han Berger,21742,01/07/1995,30/06/1998,133,1.76
133,SC Cambuur Leeuwarden,Fritz Korbach,19270,24/10/1993,10/02/1995,48,1.25
133,SC Cambuur Leeuwarden,Theo de Jong,13699,01/07/1992,18/10/1993,46,0.78
133,SC Cambuur Leeuwarden,Rob Baan,3787,01/07/1990,30/06/1992,80,1.63
133,SC Cambuur Leeuwarden,Sándor Popovics,14795,01/07/1988,01/05/1990,64,1.23
133,SC Cambuur Leeuwarden,Fritz Korbach,19270,01/07/1986,30/06/1988,80,1.50
133,SC Cambuur Leeuwarden,Simon Kistemaker,20639,01/07/1985,30/06/1986,37,0.59
133,SC Cambuur Leeuwarden,Theo Verlangen,26833,01/07/1983,20/02/1985,55,1.53
133,SC Cambuur Leeuwarden,Henk de Jonge,25995,01/07/1980,30/06/1983,111,1.35
133,SC Cambuur Leeuwarden,Nol de Ruiter,21836,01/07/1976,30/06/1980,156,1.33
133,SC Cambuur Leeuwarden,Atte Bouma,92372,01/04/1975,30/06/1976,43,1.19
133,SC Cambuur Leeuwarden,Leo Beenhakker,2120,01/07/1972,31/03/1975,110,1.32
133,SC Cambuur Leeuwarden,Geert Sannes,85261,24/11/1971,30/06/1972,24,1.50
133,SC Cambuur Leeuwarden,Arie Otten,51946,01/07/1970,04/10/1971,42,1.55
133,SC Cambuur Leeuwarden,Jan Bens,31037,07/09/1968,30/06/1970,60,1.42
133,SC Cambuur Leeuwarden,Piet de Wolf,40482,01/07/1966,26/05/1968,74,1.51
133,SC Cambuur Leeuwarden,Jan Bens,31037,01/07/1964,30/06/1966,19,1.26
1283,FC Emmen,Menno van Dam,69478,01/07/2025,,45,1.24
1283,FC Emmen,Robin Peter,94614,01/07/2024,23/01/2025,20,1.45
1283,FC Emmen,Fred Grim,17475,01/07/2023,09/04/2024,32,1.31
1283,FC Emmen,Dick Lukkien,2208,01/07/2016,30/06/2023,269,1.34
1283,FC Emmen,Marcel Keizer,23940,01/07/2015,14/02/2016,26,1.54
1283,FC Emmen,Joop Gall,2144,01/07/2012,30/06/2015,114,1.40
1283,FC Emmen,René Hake,16339,18/10/2010,30/06/2012,60,0.87
1283,FC Emmen,Harry Sinkgraven,2197,01/07/2009,02/08/2010,38,1.08
1283,FC Emmen,Paul Krabbe,8038,23/10/2008,30/06/2009,21,1.05
1283,FC Emmen,Gerry Hamstra,5268,12/03/2007,13/10/2008,41,1.32
1283,FC Emmen,Jan van Dijk,1478,01/07/2005,17/02/2007,65,1.49
1283,FC Emmen,Jan Olde Riekerink,1281,19/11/2003,30/06/2005,58,1.22
1283,FC Emmen,Hennie Spijkerman,1285,24/02/2001,07/10/2003,103,1.67
1283,FC Emmen,Jan de Jonge,1873,28/10/1998,16/02/2001,96,1.61
1283,FC Emmen,Azing Griever,15088,01/07/1995,25/10/1998,139,1.70
1283,FC Emmen,Leen Looijen,6554,01/07/1994,30/06/1995,37,1.38
1283,FC Emmen,René Notten,152375,01/07/1992,30/06/1994,72,1.28
1283,FC Emmen,Piet Buter,3819,01/07/1991,30/06/1992,41,1.05
1283,FC Emmen,Ben Hendriks,23388,01/07/1988,30/06/1991,114,1.22
1283,FC Emmen,Theo Verlangen,26833,01/07/1985,30/06/1988,111,0.81
1283,FC Emmen,Thiemo Meertens,7943,01/07/1980,30/06/1985,3,1.00
1283,FC Emmen,Atte Bouma,92372,01/07/1978,30/06/1980,0,-
1283,FC Emmen,Koen Schonewille,108456,01/07/1974,30/06/1978,2,1.50
1283,FC Emmen,Arie Otten,51946,01/07/1964,30/06/1966,0,-
1283,FC Emmen,Henk Drewes,161417,01/07/1959,30/06/1964,0,-
235,RKC Waalwijk,Sander Duits,67686,01/07/2025,,52,1.58
235,RKC Waalwijk,Henk Fraser,17353,01/07/2023,30/06/2025,72,0.83
235,RKC Waalwijk,Joseph Oosting,10694,01/07/2021,30/06/2023,72,1.22
235,RKC Waalwijk,Fred Grim,17475,08/07/2018,30/06/2021,109,1.11
235,RKC Waalwijk,Hans de Koning,2312,08/01/2018,30/06/2018,19,0.95
235,RKC Waalwijk,Peter van den Berg,10697,23/02/2015,23/12/2017,112,1.16
235,RKC Waalwijk,Martin Koopman,7850,01/07/2014,11/02/2015,25,0.48
235,RKC Waalwijk,Erwin Koeman,1275,01/07/2012,30/06/2014,75,1.03
235,RKC Waalwijk,Ruud Brood,1270,01/07/2008,30/06/2012,161,1.50
235,RKC Waalwijk,Zeljko Petrovic,1676,01/07/2007,30/06/2008,44,2.00
235,RKC Waalwijk,Mark Wotte,496,27/11/2006,20/06/2007,27,1.04
235,RKC Waalwijk,Adrie Koster,2200,01/07/2005,27/11/2006,46,1.09
235,RKC Waalwijk,Erwin Koeman,1275,01/07/2004,30/06/2005,38,1.47
235,RKC Waalwijk,Martin Jol,500,26/10/1998,30/06/2004,210,1.37
235,RKC Waalwijk,Peter Boeve,508,01/07/1997,26/10/1998,51,0.96
235,RKC Waalwijk,Bert Jacobs,24131,12/10/1996,30/06/1997,31,1.29
235,RKC Waalwijk,Cees van Kooten,1287,01/07/1996,12/10/1996,10,0.90
235,RKC Waalwijk,Leo van Veen,24534,01/07/1995,30/06/1996,38,1.34
235,RKC Waalwijk,Bert Jacobs,24131,18/12/1993,30/06/1995,63,1.38
235,RKC Waalwijk,Hans Verèl,13870,01/07/1993,18/12/1993,18,0.72
235,RKC Waalwijk,Leo van Veen,24534,16/03/1989,30/06/1993,156,1.36
235,RKC Waalwijk,Ger Blok,38055,01/07/1988,16/03/1989,25,1.00
235,RKC Waalwijk,Leo van Veen,24534,01/07/1986,30/06/1988,85,2.15
235,RKC Waalwijk,Leen Looijen,6554,01/07/1984,30/06/1986,84,1.55
235,RKC Waalwijk,Kees Vermunt,88351,01/07/1983,30/06/1984,0,-
235,RKC Waalwijk,Jos Wap,103722,01/07/1980,30/06/1982,1,0.00
235,RKC Waalwijk,Jan Remmers,32800,01/07/1974,30/06/1980,1,0.00
235,RKC Waalwijk,Wim Klaassen,51971,01/07/1968,30/06/1971,0,-
1269,PEC Zwolle,Henry van der Vegt,10667,01/07/2025,,43,1.02
1269,PEC Zwolle,Johnny Jansen,33770,01/07/2023,30/06/2025,69,1.07
1269,PEC Zwolle,Dick Schreuder,33196,18/11/2021,30/06/2023,64,1.78
1269,PEC Zwolle,Art Langeler,12386,01/07/2021,16/11/2021,13,0.54
1269,PEC Zwolle,Bert Konterman,10206,01/03/2021,30/06/2021,10,1.20
1269,PEC Zwolle,John Stegeman,10972,01/07/2019,20/02/2021,52,1.00
1269,PEC Zwolle,Jaap Stam,10208,28/12/2018,30/06/2019,17,1.41
1269,PEC Zwolle,John van 't Schip,6210,01/07/2017,19/12/2018,57,1.30
1269,PEC Zwolle,Ron Jans,512,01/07/2013,30/06/2017,159,1.39
1269,PEC Zwolle,Art Langeler,12386,01/01/2010,30/06/2013,132,1.77
1269,PEC Zwolle,Jan Everse Jr.,3786,01/07/2009,30/10/2009,14,1.36
1269,PEC Zwolle,Jan Everse Jr.,3786,01/07/2006,02/03/2009,116,1.55
1269,PEC Zwolle,Hennie Spijkerman,1285,08/10/2003,19/01/2006,93,1.31
1269,PEC Zwolle,Peter Boeve,508,01/07/2002,26/09/2003,48,1.10
1269,PEC Zwolle,Paul Krabbe,8038,01/07/2001,18/06/2002,37,2.14
1269,PEC Zwolle,Dwight Lodeweges,9102,29/12/1998,30/06/2001,110,1.85
1269,PEC Zwolle,Jan Everse Jr.,3786,01/07/1996,24/12/1998,100,1.63
1269,PEC Zwolle,Piet Schrijvers,24526,16/01/1995,30/06/1996,56,1.02
1269,PEC Zwolle,Ben Hendriks,23388,01/07/1992,16/01/1995,91,1.55
1269,PEC Zwolle,Theo de Jong,13699,01/07/1989,30/06/1992,119,1.07
1269,PEC Zwolle,Theo Laseroms,38054,01/07/1988,30/06/1989,35,0.94
1269,PEC Zwolle,Ben Hendriks,23388,23/01/1988,30/06/1988,15,1.00
1269,PEC Zwolle,Co Adriaanse,501,01/07/1984,23/01/1988,133,1.29
1269,PEC Zwolle,Cor Brom,14051,15/11/1982,30/06/1984,57,1.21
1269,PEC Zwolle,Bas Paauwe jr.,114688,01/07/1982,05/09/1982,4,0.00
1269,PEC Zwolle,Fritz Korbach,19270,01/07/1977,30/06/1982,187,1.33
1269,PEC Zwolle,Hans Alleman,26818,01/07/1975,30/06/1977,89,1.89
1269,PEC Zwolle,Friedrich Donenfeld,14520,01/07/1974,30/06/1975,44,1.61
1269,PEC Zwolle,Georg Keßler,926,13/04/1973,30/06/1974,52,1.37
1269,PEC Zwolle,László Zalai,50375,07/12/1970,11/04/1973,95,1.68
1269,PEC Zwolle,Pim van de Meent,25725,01/07/1969,07/12/1970,47,1.64
1269,PEC Zwolle,Joep Brandes,42890,01/07/1968,30/06/1969,35,0.83
1269,PEC Zwolle,Jan van Asten,51948,01/07/1966,30/06/1968,85,1.47
1269,PEC Zwolle,Anton Goedhart,107588,01/04/1966,30/06/1966,0,-
1269,PEC Zwolle,Wim Blokland,63976,01/07/1965,31/03/1966,15,1.73
1269,PEC Zwolle,Cor Sluijk,62973,01/07/1963,30/06/1965,2,0.00
1269,PEC Zwolle,Jan van Asten,51948,01/07/1953,30/06/1958,4,0.00
723,Almere City FC,Anoush Dastgir,57898,01/07/2026,,7,2.29
723,Almere City FC,Jeroen Rijsdijk,35419,03/01/2025,30/06/2026,63,1.38
723,Almere City FC,Hedwiges Maduro,62754,01/07/2024,18/12/2024,17,0.35
723,Almere City FC,Alex Pastoor,3801,27/12/2021,30/06/2024,100,1.47
723,Almere City FC,Gertjan Verbeek,1288,01/07/2021,23/11/2021,17,0.76
723,Almere City FC,Ole Tobiasen,27237,01/07/2020,04/03/2021,27,1.96
723,Almere City FC,Robert Molenaar,19836,01/07/2019,26/11/2019,17,1.29
723,Almere City FC,Michele Santoni,42188,01/07/2018,05/03/2019,29,1.48
723,Almere City FC,Jack de Gier,12006,01/01/2016,30/06/2018,110,1.55
723,Almere City FC,Maarten Stekelenburg,19669,01/07/2015,01/12/2015,17,0.76
723,Almere City FC,Fred Grim,17475,11/10/2012,30/06/2015,103,1.17
723,Almere City FC,Dick de Boer,3442,15/03/2011,27/09/2012,49,1.18
723,Almere City FC,Henk Wisman,509,16/02/2009,14/03/2011,78,0.92
723,Almere City FC,Peter Boeve,508,07/07/2007,28/01/2009,64,1.05
723,Almere City FC,Jan Schulting,2193,01/07/2005,30/06/2007,77,0.91
723,Almere City FC,Ab Plugboer,28398,01/07/2001,30/06/2004,0,-
723,Almere City FC,Melbi Raboen,151760,01/07/1988,30/06/1989,0,-
723,Almere City FC,Henk Wisman,509,01/07/1981,30/06/1985,0,-
723,Almere City FC,Melbi Raboen,151760,01/07/1978,30/06/1980,0,-
1304,Heracles Almelo,Vincent Heilmann,92960,01/07/2026,,7,2.57
1304,Heracles Almelo,Ernest Faber,2289,01/12/2025,30/06/2026,22,0.41
1304,Heracles Almelo,Bas Sibum,55941,01/07/2025,26/10/2025,9,0.33
1304,Heracles Almelo,Erwin van de Looi,12458,21/12/2023,30/06/2025,57,1.19
1304,Heracles Almelo,John Lammers,19477,01/07/2022,12/12/2023,56,1.84
1304,Heracles Almelo,Frank Wormuth,305,01/07/2018,16/05/2022,139,1.27
1304,Heracles Almelo,John Stegeman,10972,17/09/2014,30/06/2018,149,1.38
1304,Heracles Almelo,Jan de Jonge,1873,01/07/2013,31/08/2014,41,1.05
1304,Heracles Almelo,Peter Bosz,1269,01/07/2010,30/06/2013,116,1.35
1304,Heracles Almelo,Gertjan Verbeek,1288,01/07/2009,30/06/2010,39,1.62
1304,Heracles Almelo,Gert Heerkes,5692,02/01/2008,30/06/2009,54,1.06
1304,Heracles Almelo,Ruud Brood,1270,01/07/2006,24/12/2007,51,0.92
1304,Heracles Almelo,Peter Bosz,1269,01/07/2004,30/06/2006,72,1.63
1304,Heracles Almelo,Gertjan Verbeek,1288,01/07/2001,30/06/2004,126,1.67
1304,Heracles Almelo,Fritz Korbach,19270,01/07/1999,30/06/2001,80,1.24
1304,Heracles Almelo,Theo Vonk,1426,01/07/1998,30/06/1999,36,0.94
1304,Heracles Almelo,Gerard Marsman,3857,01/07/1996,30/06/1998,70,1.03
1304,Heracles Almelo,Jan van Staa,21939,15/03/1995,30/06/1996,59,1.53
1304,Heracles Almelo,Azing Griever,15088,18/01/1993,15/03/1995,87,1.55
1304,Heracles Almelo,Ab Gritter,151580,01/07/1992,18/01/1993,20,0.65
1304,Heracles Almelo,Henk ten Cate,573,30/11/1990,30/06/1992,66,1.41
1304,Heracles Almelo,Henk van Brussel,26830,06/02/1989,23/10/1990,64,1.53
1304,Heracles Almelo,Arend Steunenberg,3804,01/07/1988,18/01/1989,17,1.24
1304,Heracles Almelo,Gerard Somer,3844,01/07/1983,30/06/1988,178,1.03
1304,Heracles Almelo,Arie Stehouwer,39555,10/12/1982,30/06/1983,16,0.81
1304,Heracles Almelo,Jan Morsing,26425,01/07/1981,01/11/1982,50,1.14
1304,Heracles Almelo,Theo Laseroms,38054,12/10/1979,12/06/1981,65,1.11
1304,Heracles Almelo,Hennie Hollink,34883,01/07/1976,27/09/1979,119,0.99
1304,Heracles Almelo,Toon Valks,64785,15/03/1976,30/06/1976,11,1.36
1304,Heracles Almelo,Jan Verhaert,101134,01/07/1975,14/03/1976,26,1.12
1304,Heracles Almelo,Ron Dellow,29927,01/07/1972,30/06/1975,121,1.26
1304,Heracles Almelo,Rinus Gosens,26824,01/07/1970,30/06/1972,73,1.26
1304,Heracles Almelo,Evert Teunissen,32331,01/07/1969,30/06/1970,35,1.11
1304,Heracles Almelo,Toon Valks,64785,01/07/1967,30/06/1969,77,1.35
1304,Heracles Almelo,Leslie Talbot,23427,01/07/1966,30/06/1967,41,1.56
1304,Heracles Almelo,Jan Bijl,138993,02/03/1966,30/06/1966,13,1.08
1304,Heracles Almelo,Jan de Bouter,61265,01/07/1964,02/03/1966,48,1.19
1304,Heracles Almelo,Keith Spurgeon,21721,01/07/1963,30/06/1964,30,1.03
1304,Heracles Almelo,Jaap van der Leck,21808,01/07/1961,30/06/1963,30,1.17
1304,Heracles Almelo,Mike Keeping,33996,01/07/1960,30/06/1961,3,1.33
1304,Heracles Almelo,Jan Bijl,138993,01/07/1956,30/06/1960,2,0.50
1304,Heracles Almelo,Gilbert Richmond,34745,01/07/1949,30/06/1953,0,-
1304,Heracles Almelo,David Davison,74697,01/07/1948,15/02/1949,0,-
1304,Heracles Almelo,Leslie Lievesley,33501,01/03/1946,30/06/1947,0,-
1304,Heracles Almelo,Edward Magner,77484,01/07/1921,30/06/1923,0,-
1304,Heracles Almelo,Horace Colclough,138819,01/07/1920,30/06/1932,0,-
132,NAC Breda,Rick Kruys,58257,08/09/2026,,1,0.00
132,NAC Breda,Carl Hoefkens,58865,01/07/2024,07/09/2026,75,0.92
132,NAC Breda,Jean-Paul van Gastel,1846,25/09/2023,05/06/2024,38,1.63
132,NAC Breda,Peter Hyballa,4853,18/01/2023,13/09/2023,28,1.68
132,NAC Breda,Robert Molenaar,19836,01/07/2022,27/12/2022,18,1.17
132,NAC Breda,Edwin de Graaf,33856,14/07/2021,30/06/2022,44,1.55
132,NAC Breda,Maurice Steijn,13405,10/07/2020,19/06/2021,41,1.85
132,NAC Breda,Peter Hyballa,4853,03/02/2020,03/07/2020,7,2.00
132,NAC Breda,Ruud Brood,1270,22/03/2019,31/12/2019,30,1.53
132,NAC Breda,Mitchell van der Gaag,11774,01/07/2018,18/03/2019,27,0.63
132,NAC Breda,Stijn Vreven,24705,01/01/2017,30/06/2018,58,1.33
132,NAC Breda,Marinus Dijkhuizen,25155,25/10/2015,22/12/2016,49,1.76
132,NAC Breda,Robert Maaskant,505,02/01/2015,06/10/2015,31,1.16
132,NAC Breda,Nebojsa Gudelj,19179,21/11/2012,13/10/2014,67,1.13
132,NAC Breda,John Karelse,3200,01/07/2011,23/10/2012,45,1.02
132,NAC Breda,Gert Aandewiel,2065,21/08/2010,30/06/2011,0,-
132,NAC Breda,Robert Maaskant,505,01/07/2008,20/08/2010,91,1.52
132,NAC Breda,Ernie Brandts,2104,01/07/2006,30/06/2008,85,1.51
132,NAC Breda,Cees Lok,2008,02/01/2006,23/04/2006,18,0.83
132,NAC Breda,Ton Lokhoff,1280,01/07/2003,30/12/2005,91,1.20
132,NAC Breda,Henk ten Cate,573,01/07/2000,30/06/2003,105,1.50
132,NAC Breda,Kees Zwamborn,3841,23/03/1999,30/06/2000,47,2.13
132,NAC Breda,Ronald Spelbos,13973,13/10/1998,22/03/1999,18,0.61
132,NAC Breda,Herbert Neumann,2324,01/07/1997,08/10/1998,46,1.24
132,NAC Breda,Wim Rijsbergen,3319,01/07/1995,30/06/1997,73,1.42
132,NAC Breda,Ronald Spelbos,13973,01/01/1993,30/06/1995,98,1.63
132,NAC Breda,Piet de Visser,7277,01/07/1992,01/12/1992,17,1.53
132,NAC Breda,Cor Pot,839,19/04/1990,09/10/1991,68,1.91
132,NAC Breda,Hans Verèl,13870,01/07/1987,31/03/1990,94,1.37
132,NAC Breda,Leen Looijen,6554,01/07/1986,30/06/1987,36,1.44
132,NAC Breda,Bob Maaskant,32360,01/07/1984,30/06/1986,77,1.05
132,NAC Breda,Henk de Jonge,25995,01/07/1983,23/03/1984,25,1.64
132,NAC Breda,Jo Jansen,24486,22/01/1979,30/06/1983,160,1.09
132,NAC Breda,Hans Dorjee,19587,01/07/1977,30/06/1979,54,1.17
132,NAC Breda,Bob Maaskant,32360,01/07/1975,30/06/1977,72,1.22
132,NAC Breda,Henk Wullems,25997,02/05/1973,28/11/1974,56,0.96
132,NAC Breda,Ben Peeters,28568,01/07/1971,01/05/1973,67,1.03
132,NAC Breda,Leo Canjels,61485,09/04/1968,30/06/1971,113,1.18
132,NAC Breda,Bob Janse,64660,01/07/1966,09/04/1968,74,1.20
132,NAC Breda,Siem Plooijer,87064,01/07/1961,30/06/1966,148,1.49
132,NAC Breda,Jan Blom,121068,01/07/1949,30/06/1961,174,1.48
132,NAC Breda,Cor Kools,23449,01/07/1945,30/06/1947,4,1.50
132,NAC Breda,Cor Kools,23449,01/07/1934,30/06/1944,10,1.20
403,Willem II Tilburg,John Stegeman,10972,01/07/2025,,52,1.65
403,Willem II Tilburg,Peter Maes,3249,16/09/2023,30/04/2025,66,1.53
403,Willem II Tilburg,Reinier Robbemond,23753,05/01/2023,05/09/2023,26,1.81
403,Willem II Tilburg,Kevin Hofland,34709,14/03/2022,12/12/2022,26,1.35
403,Willem II Tilburg,Fred Grim,17475,01/07/2021,08/03/2022,26,0.85
403,Willem II Tilburg,Zeljko Petrovic,1676,29/01/2021,30/06/2021,14,1.50
403,Willem II Tilburg,Adrie Koster,2200,01/07/2018,26/01/2021,90,1.36
403,Willem II Tilburg,Erwin van de Looi,12458,01/07/2016,08/03/2018,66,1.08
403,Willem II Tilburg,Jürgen Streppel,7032,01/07/2011,30/06/2016,189,1.37
403,Willem II Tilburg,Gert Heerkes,5692,01/07/2010,15/04/2011,31,0.39
403,Willem II Tilburg,Arno Pijpers,3697,27/02/2010,23/04/2010,9,0.67
403,Willem II Tilburg,Alfons Groenendijk,2234,17/02/2009,19/02/2010,35,0.83
403,Willem II Tilburg,Andries Jonker,1274,05/11/2007,17/02/2009,47,1.06
403,Willem II Tilburg,Dennis van Wijk,1327,01/07/2006,05/11/2007,34,0.82
403,Willem II Tilburg,Kees Zwamborn,3841,21/11/2005,30/06/2006,26,1.23
403,Willem II Tilburg,Robert Maaskant,505,01/07/2004,21/11/2005,52,1.19
403,Willem II Tilburg,André Wetzel,3785,01/02/2004,30/06/2004,16,1.31
403,Willem II Tilburg,Mark Wotte,496,01/07/2002,31/01/2004,61,1.36
403,Willem II Tilburg,Hans Westerhof,5107,01/07/2000,30/06/2002,68,1.38
403,Willem II Tilburg,Co Adriaanse,501,01/07/1997,08/05/2000,113,1.55
403,Willem II Tilburg,Jimmy Calderwood,657,01/07/1996,30/06/1997,36,1.06
403,Willem II Tilburg,Theo de Jong,13699,23/03/1995,30/06/1996,45,1.18
403,Willem II Tilburg,Jan Reker,14530,01/10/1991,26/03/1995,130,1.43
403,Willem II Tilburg,Piet de Visser,7277,01/07/1991,01/10/1991,10,0.90
403,Willem II Tilburg,Adrie Koster,2200,01/07/1990,30/06/1991,38,1.37
403,Willem II Tilburg,Piet de Visser,7277,01/07/1985,30/06/1990,198,1.46
403,Willem II Tilburg,Jan Notermans,9371,01/07/1983,30/06/1985,70,0.96
403,Willem II Tilburg,Jan Brouwer,27226,19/08/1982,30/06/1983,35,1.00
403,Willem II Tilburg,George Knobel,14401,01/07/1982,12/08/1982,0,-
403,Willem II Tilburg,Bert Jacobs,24131,01/07/1980,30/06/1982,85,1.15
403,Willem II Tilburg,Henk de Jonge,25995,01/07/1978,30/06/1980,79,1.57
403,Willem II Tilburg,Jan Brouwer,27226,02/05/1973,30/06/1978,194,1.24
403,Willem II Tilburg,Henk Wullems,25997,01/07/1971,02/05/1973,78,1.15
403,Willem II Tilburg,Jaap van der Leck,21808,01/07/1967,30/06/1971,140,1.49
403,Willem II Tilburg,Toon van den Enden,122155,02/02/1967,30/06/1967,14,0.29
403,Willem II Tilburg,Frans Debruijn,62756,01/07/1966,02/02/1967,20,0.55
403,Willem II Tilburg,Jaap van der Leck,21808,01/07/1963,30/06/1966,36,1.19
403,Willem II Tilburg,Heinrich Müller,26092,01/07/1956,30/06/1963,203,1.18
403,Willem II Tilburg,František Fadrhonc,14398,01/07/1949,30/06/1956,5,2.20
403,Willem II Tilburg,Adriaan Koonings,40481,01/07/1944,30/06/1946,0,-
403,Willem II Tilburg,Richard Longin,108804,01/07/1939,30/06/1940,0,-
403,Willem II Tilburg,Bill Julian,47516,01/07/1936,30/06/1938,1,0.00
403,Willem II Tilburg,Ignác Molnár,30966,01/07/1931,30/06/1932,0,-
403,Willem II Tilburg,Bill Julian,47516,01/07/1922,30/06/1926,1,3.00
1434,SC Telstar,Henk Brugge,49076,01/07/2026,,6,0.83
1434,SC Telstar,Anthony Correia,56262,01/07/2024,30/06/2026,85,1.49
1434,SC Telstar,Mike Snoei,497,01/07/2022,05/02/2024,65,1.11
1434,SC Telstar,Steve Olfers,116726,01/07/2021,30/06/2023,0,-
1434,SC Telstar,Andries Jonker,1274,01/07/2019,30/06/2022,110,1.15
1434,SC Telstar,Mike Snoei,497,01/07/2017,30/06/2019,80,1.40
1434,SC Telstar,Michel Vonk,2282,01/07/2014,30/06/2017,117,1.13
1434,SC Telstar,Marcel Keizer,23940,01/07/2012,30/06/2014,71,1.08
1434,SC Telstar,Jan Poortvliet,1283,01/07/2010,30/06/2012,72,1.00
1434,SC Telstar,Marcel Bout,10093,17/02/2010,30/06/2010,11,0.55
1434,SC Telstar,Edward Metgod,1881,01/07/2008,16/02/2010,68,0.97
1434,SC Telstar,Luc Nijholt,2057,01/07/2005,30/06/2008,115,1.17
1434,SC Telstar,Jan Poortvliet,1283,17/12/2002,30/06/2005,98,1.30
1434,SC Telstar,Toon Beijer,5389,01/07/2001,17/12/2002,38,1.42
1434,SC Telstar,Simon Kistemaker,20639,01/07/1999,30/06/2001,78,1.27
1434,SC Telstar,Henny Lee,3912,01/07/1998,30/06/1999,33,0.76
1434,SC Telstar,Harry van den Ham,2064,01/07/1997,30/06/1998,34,1.18
1434,SC Telstar,Cor Pot,839,01/07/1995,30/06/1997,67,1.24
1434,SC Telstar,Simon Kistemaker,20639,01/07/1993,30/06/1995,78,1.46
1434,SC Telstar,Niels Overweg,27528,01/07/1990,29/03/1993,113,1.26
1434,SC Telstar,Cees Glas,5390,01/07/1988,30/06/1990,67,0.96
1434,SC Telstar,Cor van der Hart,14062,01/07/1987,30/06/1988,37,1.30
1434,SC Telstar,Fred André,118871,01/07/1983,30/06/1987,146,1.21
1434,SC Telstar,Joop Brand,25994,01/07/1980,30/06/1983,112,1.31
1434,SC Telstar,Martin van Vianen,26832,01/07/1978,30/06/1980,81,1.15
1434,SC Telstar,Mircea Petescu,25996,01/07/1977,30/06/1978,35,0.49
1434,SC Telstar,Joop Castenmiller,26820,01/07/1974,30/06/1977,114,1.16
1434,SC Telstar,Jan Rab,37926,01/07/1969,30/06/1974,178,1.12
1434,SC Telstar,Toon van den Enden,122155,06/05/1969,30/06/1969,0,-
1434,SC Telstar,Piet de Visser,7277,01/07/1966,30/06/1969,109,1.03
1434,SC Telstar,Olivér Gáspár,120869,01/07/1965,30/06/1966,35,1.14
1434,SC Telstar,Jack Mansell,45883,01/07/1964,30/06/1965,30,1.23
1434,SC Telstar,Toon van den Enden,122155,17/07/1963,30/06/1964,0,-
1268,ADO Den Haag,Robin Peter,94614,14/07/2025,,45,2.00
1268,ADO Den Haag,Darije Kalezic,9382,01/07/2023,30/06/2025,87,1.68
1268,ADO Den Haag,Dick Advocaat,3,28/11/2022,30/06/2023,25,1.64
1268,ADO Den Haag,Dirk Kuyt,58167,01/07/2022,24/11/2022,17,1.12
1268,ADO Den Haag,Ruud Brood,1270,10/11/2020,28/02/2022,56,1.39
1268,ADO Den Haag,Aleksandar Rankovic,40185,01/07/2020,08/11/2020,9,0.78
1268,ADO Den Haag,Alan Pardew,1988,24/12/2019,30/06/2020,8,1.00
1268,ADO Den Haag,Alfons Groenendijk,2234,08/02/2017,02/12/2019,102,1.25
1268,ADO Den Haag,Zeljko Petrovic,1676,01/07/2016,07/02/2017,24,0.96
1268,ADO Den Haag,Henk Fraser,17353,05/02/2014,30/06/2016,82,1.26
1268,ADO Den Haag,Maurice Steijn,13405,01/07/2011,05/02/2014,100,1.10
1268,ADO Den Haag,John van den Brom,1886,01/07/2010,29/06/2011,40,1.65
1268,ADO Den Haag,Raymond Atteveld,31717,17/04/2009,30/03/2010,34,0.85
1268,ADO Den Haag,André Wetzel,3785,01/07/2008,17/04/2009,15,0.80
1268,ADO Den Haag,Wiljan Vloet,499,01/07/2007,30/06/2008,46,1.52
1268,ADO Den Haag,Frans Adelaar,1479,01/07/2004,20/11/2006,84,1.01
1268,ADO Den Haag,Rinus Israël,5409,01/07/2001,30/11/2003,94,1.90
1268,ADO Den Haag,Stanley Brard,20019,01/07/2000,04/04/2001,27,1.22
1268,ADO Den Haag,Rob Meppelink,5052,01/07/1999,30/06/2000,39,1.38
1268,ADO Den Haag,André Hoekstra,2202,31/12/1997,30/06/1999,57,1.35
1268,ADO Den Haag,Mark Wotte,496,01/07/1996,31/12/1997,60,1.48
1268,ADO Den Haag,Theo Verlangen,26833,01/07/1995,06/02/1996,25,0.96
1268,ADO Den Haag,Lex Schoenmaker,503,01/07/1994,30/06/1995,42,1.69
1268,ADO Den Haag,Nol de Ruiter,21836,01/07/1992,30/06/1994,79,1.59
1268,ADO Den Haag,Mark Wotte,496,13/02/1992,30/06/1992,10,1.10
1268,ADO Den Haag,Co Adriaanse,501,01/07/1988,12/02/1992,134,1.29
1268,ADO Den Haag,Pim van de Meent,25725,01/07/1986,26/03/1988,71,1.20
1268,ADO Den Haag,Rob Baan,3787,01/07/1983,30/06/1986,119,1.91
1268,ADO Den Haag,Cor van der Hart,14062,04/02/1982,30/06/1983,51,1.12
1268,ADO Den Haag,Martin van Vianen,26832,10/11/1980,04/02/1982,40,0.80
1268,ADO Den Haag,Hans Kraay,14411,01/07/1980,05/10/1980,14,1.36
1268,ADO Den Haag,Piet de Visser,7277,01/07/1978,30/06/1980,72,1.36
1268,ADO Den Haag,Anton Malatinsky,24602,01/07/1976,30/06/1978,79,1.18
1268,ADO Den Haag,Vujadin Boskov,8772,01/07/1974,30/06/1976,81,1.51
1268,ADO Den Haag,Evert Teunissen,32331,01/07/1972,30/06/1974,80,1.30
1268,ADO Den Haag,Vaclav Jezek,18169,01/07/1969,30/06/1972,125,1.86
1268,ADO Den Haag,Rinus Loof,34904,13/03/1969,30/06/1969,12,1.42
1268,ADO Den Haag,Ernst Happel,862,01/07/1962,13/03/1969,257,1.69
1268,ADO Den Haag,Rinus Loof,34904,01/07/1955,30/06/1962,176,1.27
1268,ADO Den Haag,Friedrich Donenfeld,14520,01/01/1955,30/06/1955,0,-
1268,ADO Den Haag,Franz Gutkas,93269,01/07/1954,30/06/1955,0,-
1268,ADO Den Haag,Dick Groves,126528,01/07/1953,30/06/1954,0,-
1268,ADO Den Haag,Franz Fuchs,23428,01/07/1952,30/06/1953,0,-
1268,ADO Den Haag,Wim Tap,23455,01/07/1936,30/06/1946,3,2.33
1268,ADO Den Haag,John Donaghy,36625,21/02/1928,30/06/1932,0,-
9715,PSV Eindhoven U21,Stijn Schaars,80512,01/07/2025,,48,1.46
9715,PSV Eindhoven U21,Alfons Groenendijk,2234,15/07/2024,30/06/2025,42,0.83
9715,PSV Eindhoven U21,Wil Boessen,2199,04/08/2023,30/06/2024,45,1.22
9715,PSV Eindhoven U21,Adil Ramzi,54169,01/07/2022,23/07/2023,45,1.42
9715,PSV Eindhoven U21,Ruud van Nistelrooy,36058,01/07/2021,30/06/2022,37,1.16
9715,PSV Eindhoven U21,Peter Uneken,29603,01/07/2019,30/06/2021,69,0.93
9715,PSV Eindhoven U21,Dennis Haar,19316,01/07/2017,30/06/2019,82,1.63
9715,PSV Eindhoven U21,Pascal Jansen,18820,01/07/2015,30/06/2017,83,1.57
9715,PSV Eindhoven U21,Darije Kalezic,9382,01/07/2013,30/06/2015,79,1.30
9715,PSV Eindhoven U21,Marco Roelofsen,9484,01/07/2010,30/06/2013,41,1.37
9715,PSV Eindhoven U21,Anton Janssen,7745,01/07/2006,30/06/2010,1,0.00
9715,PSV Eindhoven U21,Ricardo Moniz,5041,01/07/2005,29/09/2005,0,-
9715,PSV Eindhoven U21,René Eijer,58828,19/10/2001,30/06/2004,0,-
9715,PSV Eindhoven U21,Erwin Koeman,1275,01/07/1998,04/10/2001,1,3.00
9715,PSV Eindhoven U21,Ernie Brandts,2104,01/07/1993,01/01/1998,0,-
9715,PSV Eindhoven U21,Willy van der Kuijlen,24021,01/07/1987,30/06/1988,0,-
9715,PSV Eindhoven U21,Jan Reker,14530,01/07/1980,30/06/1983,0,-
8817,Ajax Amsterdam U21,Carlos García,58232,01/07/2026,,9,0.89
8817,Ajax Amsterdam U21,Paul Nuijten,98217,08/03/2026,30/06/2026,8,1.13
8817,Ajax Amsterdam U21,Óscar García,16362,10/02/2026,07/03/2026,5,1.40
8817,Ajax Amsterdam U21,Willem Weijs,55110,01/07/2025,10/02/2026,25,0.76
8817,Ajax Amsterdam U21,Frank Peereboom,36726,01/07/2024,30/06/2025,42,1.00
8817,Ajax Amsterdam U21,Dave Vos,59827,30/10/2023,30/06/2024,26,1.31
8817,Ajax Amsterdam U21,Dave Vos,59827,15/02/2023,23/10/2023,25,1.08
8817,Ajax Amsterdam U21,John Heitinga,51774,01/07/2021,26/01/2023,58,1.43
8817,Ajax Amsterdam U21,Mitchell van der Gaag,11774,01/07/2019,30/06/2021,67,1.40
8817,Ajax Amsterdam U21,Michael Reiziger,29540,01/07/2017,30/06/2019,75,1.76
8817,Ajax Amsterdam U21,Marcel Keizer,23940,01/07/2016,30/06/2017,38,2.00
8817,Ajax Amsterdam U21,Andries Ulderink,1430,01/07/2014,30/06/2016,74,1.31
8817,Ajax Amsterdam U21,Jaap Stam,10208,01/07/2014,30/06/2016,0,-
8817,Ajax Amsterdam U21,Alfons Groenendijk,2234,01/07/2013,30/06/2014,38,1.32
8817,Ajax Amsterdam U21,Gery Vink,20544,03/01/2011,30/06/2013,55,1.80
8817,Ajax Amsterdam U21,Bryan Roy,21770,01/07/2010,31/12/2010,0,-
8817,Ajax Amsterdam U21,Albert van der Dussen,8334,01/07/2010,03/01/2011,0,-
8817,Ajax Amsterdam U21,Pieter Huistra,2435,01/07/2009,30/06/2010,0,-
8817,Ajax Amsterdam U21,Adrie Koster,2200,01/07/2008,30/06/2009,0,-
8817,Ajax Amsterdam U21,Aron Winter,771,01/07/2006,30/06/2009,0,-
8817,Ajax Amsterdam U21,Fred Grim,17475,01/07/2004,16/03/2005,0,-
8817,Ajax Amsterdam U21,John van den Brom,1886,01/07/2004,30/06/2006,4,2.25
8817,Ajax Amsterdam U21,Marco van Basten,2148,01/07/2003,28/07/2004,1,0.00
8817,Ajax Amsterdam U21,Gerard van der Lem,3241,01/07/2002,30/06/2003,0,-
8817,Ajax Amsterdam U21,Jan Olde Riekerink,1281,01/07/2000,30/06/2002,5,2.40
8817,Ajax Amsterdam U21,Co Adriaanse,501,01/07/1992,30/06/1997,4,2.50
8817,Ajax Amsterdam U21,Ton Pronk,1882,01/07/1989,30/06/1991,0,-
8817,Ajax Amsterdam U21,Louis van Gaal,2029,01/07/1988,30/06/1990,0,-
8817,Ajax Amsterdam U21,Barry Hulshoff,14055,01/07/1988,30/06/1989,0,-
8817,Ajax Amsterdam U21,Wim Rijsbergen,3319,01/07/1986,30/06/1988,1,3.00
11368,AZ Alkmaar U21,Frank Peereboom,36726,02/02/2026,,22,1.23
11368,AZ Alkmaar U21,Lee-Roy Echteld,39640,20/01/2024,17/01/2026,69,1.28
11368,AZ Alkmaar U21,Jan Sierksma,78975,01/07/2023,17/01/2024,21,1.38
11368,AZ Alkmaar U21,Maarten Martens,49088,01/07/2021,30/06/2023,76,1.22
11368,AZ Alkmaar U21,Michel Vonk,2282,10/07/2018,30/06/2021,105,0.94
11368,AZ Alkmaar U21,Koen Stam,43644,01/07/2018,30/06/2020,0,-
11368,AZ Alkmaar U21,Martin Haar,1876,08/07/2015,30/06/2018,92,1.72
11368,AZ Alkmaar U21,Reinier Robbemond,23753,01/07/2013,30/06/2015,25,1.68
11368,AZ Alkmaar U21,Dennis Haar,19316,01/07/2011,30/06/2014,66,1.67
11368,AZ Alkmaar U21,Michel Vonk,2282,01/07/2009,30/06/2011,0,-
11368,AZ Alkmaar U21,Marcel Bout,10093,01/07/2006,30/06/2009,3,2.00
11368,AZ Alkmaar U21,Job Dragtsma,7865,01/07/2001,30/06/2004,0,-
11368,AZ Alkmaar U21,Gerard van der Lem,3241,01/07/1985,30/06/1986,0,-
17596,FC Utrecht U21,Mark Otten,68334,01/07/2025,,47,1.13
17596,FC Utrecht U21,Ivar van Dinteren,17822,01/07/2023,30/06/2025,76,0.64
17596,FC Utrecht U21,Darije Kalezic,9382,01/07/2021,30/06/2023,75,0.88
17596,FC Utrecht U21,Ab Plugboer,28398,07/11/2020,30/06/2021,21,0.76
17596,FC Utrecht U21,René Hake,16339,01/07/2019,07/11/2020,38,1.24
17596,FC Utrecht U21,Robin Pronk,36554,01/07/2014,30/06/2019,156,1.09
17596,FC Utrecht U21,Ab Plugboer,28398,01/07/2013,30/06/2014,18,1.00
17596,FC Utrecht U21,Jean-Paul de Jong,21362,18/10/2011,30/06/2013,32,1.44
17596,FC Utrecht U21,Rob Alflen,20372,26/02/2009,18/10/2011,6,1.17
17596,FC Utrecht U21,Jan Oosterhuis,34242,01/07/2008,25/02/2009,0,-
17596,FC Utrecht U21,Roy Wesseling,2009,07/07/2007,31/12/2007,0,-
17596,FC Utrecht U21,John van Loen,1897,01/07/2005,30/06/2006,0,-
17596,FC Utrecht U21,Erik van der Meer,40041,01/07/2002,30/06/2004,0,-
17596,FC Utrecht U21,Foeke Booy,510,01/07/1996,28/02/2000,0,-
192,Roda JC Kerkrade,Rob Penders,36561,01/07/2026,,7,1.71
192,Roda JC Kerkrade,Kevin Van Dessel,47535,01/07/2025,30/06/2026,42,1.40
192,Roda JC Kerkrade,Bas Sibum,55941,01/07/2023,30/06/2025,80,1.55
192,Roda JC Kerkrade,Edwin de Graaf,33856,24/01/2023,30/06/2023,18,0.83
192,Roda JC Kerkrade,Jürgen Streppel,7032,01/07/2020,16/12/2022,101,1.52
192,Roda JC Kerkrade,Jean-Paul de Jong,21362,01/07/2019,05/02/2020,26,0.96
192,Roda JC Kerkrade,Robert Molenaar,19836,01/07/2017,19/03/2019,72,1.24
192,Roda JC Kerkrade,Giannis Anastasiou,7073,01/07/2016,23/05/2017,37,1.00
192,Roda JC Kerkrade,Darije Kalezic,9382,01/07/2015,30/06/2016,38,1.13
192,Roda JC Kerkrade,René Trost,2045,02/06/2014,07/04/2015,37,1.89
192,Roda JC Kerkrade,Jon Dahl Tomasson,19838,26/12/2013,26/05/2014,17,0.65
192,Roda JC Kerkrade,Ruud Brood,1270,01/07/2012,15/12/2013,57,1.12
192,Roda JC Kerkrade,Harm van Veldhoven,1119,20/11/2008,30/06/2012,145,1.34
192,Roda JC Kerkrade,Raymond Atteveld,31717,02/02/2007,07/10/2008,59,1.39
192,Roda JC Kerkrade,Huub Stevens,300,01/07/2005,02/02/2007,65,1.42
192,Roda JC Kerkrade,Wiljan Vloet,499,01/07/2002,30/06/2005,106,1.45
192,Roda JC Kerkrade,Georges Leekens,1752,19/09/2001,30/06/2002,37,1.35
192,Roda JC Kerkrade,Jan van Dijk,1478,01/07/2001,19/09/2001,6,0.67
192,Roda JC Kerkrade,Sef Vergoossen,718,01/07/1998,01/07/2001,115,1.68
192,Roda JC Kerkrade,Theo Vonk,1426,07/03/1998,30/06/1998,11,1.09
192,Roda JC Kerkrade,Martin Jol,500,01/11/1996,07/03/1998,56,1.63
192,Roda JC Kerkrade,Huub Stevens,300,01/03/1993,09/10/1996,136,1.71
192,Roda JC Kerkrade,Adrie Koster,2200,01/07/1991,28/02/1993,61,1.31
192,Roda JC Kerkrade,Jan Reker,14530,01/07/1988,30/06/1991,118,1.45
192,Roda JC Kerkrade,Rob Jacobs,28277,21/10/1987,30/06/1988,27,1.22
192,Roda JC Kerkrade,Rob Baan,3787,01/07/1986,18/10/1987,52,1.52
192,Roda JC Kerkrade,Frans Körver,3742,03/12/1984,30/06/1986,55,1.47
192,Roda JC Kerkrade,Hans Eijkenbroek,3843,01/07/1983,25/11/1984,54,1.31
192,Roda JC Kerkrade,Piet de Visser,7277,01/07/1980,30/06/1983,115,1.30
192,Roda JC Kerkrade,Bert Jacobs,24131,01/07/1974,30/06/1980,231,1.52
192,Roda JC Kerkrade,Fritz Pliska,10114,22/01/1974,30/06/1974,15,1.07
192,Roda JC Kerkrade,Hennie Hollink,34883,29/11/1972,10/01/1974,41,1.37
192,Roda JC Kerkrade,Jacques Koole,34463,01/07/1971,02/11/1972,55,1.71
192,Roda JC Kerkrade,Breur Weijzen,70285,01/07/1969,30/06/1971,65,1.49
192,Roda JC Kerkrade,Willibert Weth,12286,01/07/1968,30/06/1969,35,1.77
192,Roda JC Kerkrade,Adam Fischer,61363,01/07/1966,30/06/1968,88,1.74
192,Roda JC Kerkrade,Wiel Coerver,23424,01/07/1965,30/06/1966,17,1.71
192,Roda JC Kerkrade,Michael Pfeiffer,10190,01/07/1963,30/06/1965,1,0.00
192,Roda JC Kerkrade,Thomas Barthel,10029,01/07/1962,30/06/1963,1,1.00
1426,VVV-Venlo,Marinus Dijkhuizen,25155,01/07/2026,,7,2.14
1426,VVV-Venlo,Peter Uneken,29603,01/10/2025,30/06/2026,30,1.10
1426,VVV-Venlo,John Lammers,19477,01/07/2024,11/09/2025,43,1.02
1426,VVV-Venlo,Rick Kruys,58257,01/07/2022,30/06/2024,83,1.37
1426,VVV-Venlo,Jos Luhukay,684,17/03/2021,30/05/2022,46,1.07
1426,VVV-Venlo,Hans de Koning,2312,19/12/2019,16/03/2021,39,1.21
1426,VVV-Venlo,Robert Maaskant,505,01/07/2019,11/11/2019,14,0.64
1426,VVV-Venlo,Maurice Steijn,13405,01/07/2014,30/06/2019,195,1.58
1426,VVV-Venlo,René Trost,2045,01/07/2013,30/06/2014,42,1.52
1426,VVV-Venlo,Ton Lokhoff,1280,24/12/2011,06/06/2013,58,0.98
1426,VVV-Venlo,Glen De Boeck,2929,01/07/2011,15/12/2011,16,0.44
1426,VVV-Venlo,Wil Boessen,2199,22/12/2010,30/06/2011,19,1.11
1426,VVV-Venlo,Jan van Dijk,1478,01/07/2008,20/12/2010,95,1.35
1426,VVV-Venlo,André Wetzel,3785,01/07/2006,30/06/2008,81,1.42
1426,VVV-Venlo,Herbert Neumann,2324,01/07/2005,30/06/2006,44,1.77
1426,VVV-Venlo,Adrie Koster,2200,01/07/2004,30/06/2005,44,1.57
1426,VVV-Venlo,Wim Dusseldorp,14500,01/07/2001,30/06/2004,114,1.35
1426,VVV-Venlo,Jan Versleijen,18495,19/04/2000,30/06/2001,38,0.76
1426,VVV-Venlo,Hennie Spijkerman,1285,01/07/1998,18/04/2000,67,1.15
1426,VVV-Venlo,Henk van Stee,6832,01/07/1996,30/06/1998,75,1.39
1426,VVV-Venlo,Jan Versleijen,18495,01/07/1995,29/01/1996,25,1.44
1426,VVV-Venlo,Remy Reijnierse,20356,18/05/1994,30/06/1995,47,1.19
1426,VVV-Venlo,Frans Körver,3742,01/10/1992,18/05/1994,66,1.55
1426,VVV-Venlo,Henk Rayer,28685,01/07/1990,31/08/1992,88,1.26
1426,VVV-Venlo,Doeke Hulshuizen,32327,01/07/1989,30/06/1990,38,1.42
1426,VVV-Venlo,Leo van Veen,24534,01/07/1988,21/02/1989,22,0.59
1426,VVV-Venlo,Jan Reker,14530,01/07/1986,30/06/1988,85,1.40
1426,VVV-Venlo,Sef Vergoossen,718,01/07/1981,30/06/1986,192,1.50
1426,VVV-Venlo,Jan Morsing,26425,01/07/1979,30/06/1981,76,1.33
1426,VVV-Venlo,Hans Croon,26711,01/07/1978,30/06/1979,18,0.61
1426,VVV-Venlo,Rob Baan,3787,19/07/1972,30/06/1978,236,1.29
1426,VVV-Venlo,Josef Gesell,19541,14/12/1969,01/07/1972,91,1.08
1426,VVV-Venlo,Sef Basten,39613,14/11/1969,14/12/1969,3,1.33
1426,VVV-Venlo,Theo Breukers,70282,01/07/1969,14/11/1969,13,0.54
1426,VVV-Venlo,Bas Paauwe,39616,01/07/1968,01/07/1969,35,1.03
1426,VVV-Venlo,Jean Janssen,39615,01/07/1966,30/06/1968,85,1.39
1426,VVV-Venlo,Josef Gesell,19541,01/07/1964,01/07/1966,18,0.78
1426,VVV-Venlo,Fritz Kleinheuer †,39614,01/07/1962,01/07/1964,1,0.00
1426,VVV-Venlo,Ferdi Silz,38059,20/09/1961,26/05/1963,29,1.24
1426,VVV-Venlo,Josef Horejs,82991,01/07/1960,30/06/1961,34,1.76
1426,VVV-Venlo,Willy Kment,23425,01/07/1956,30/06/1960,145,1.54
1426,VVV-Venlo,Ferdi Silz,38059,01/07/1954,30/06/1956,1,3.00
1426,VVV-Venlo,Jan Bijl,138993,01/07/1941,30/06/1944,0,-
3892,FC Eindhoven,Jan Poortvliet,1283,27/10/2025,,31,1.39
3892,FC Eindhoven,Maurice Verberne,17135,01/07/2024,19/02/2026,54,1.20
3892,FC Eindhoven,Willem Weijs,55110,01/07/2023,30/06/2024,40,1.15
3892,FC Eindhoven,Rob Penders,36561,01/07/2021,30/06/2023,85,1.64
3892,FC Eindhoven,Ernie Brandts,2104,20/07/2019,14/04/2021,66,1.11
3892,FC Eindhoven,David Nascimento,1896,22/01/2018,20/07/2019,56,1.20
3892,FC Eindhoven,Wilfred van Leeuwen,11804,05/07/2017,20/01/2018,23,1.35
3892,FC Eindhoven,Ricardo Moniz,5041,01/07/2016,19/05/2017,40,1.40
3892,FC Eindhoven,Mitchell van der Gaag,11774,01/07/2015,30/06/2016,39,1.69
3892,FC Eindhoven,Jean-Paul de Jong,21362,01/07/2013,30/06/2015,83,1.75
3892,FC Eindhoven,Pascal Maas,18639,27/11/2012,30/06/2013,17,0.59
3892,FC Eindhoven,John Lammers,19477,01/07/2012,27/11/2012,15,0.93
3892,FC Eindhoven,Erwin Koeman,1275,19/03/2012,30/06/2012,9,1.22
3892,FC Eindhoven,Ernest Faber,2289,01/07/2010,13/03/2012,65,1.54
3892,FC Eindhoven,Jan Poortvliet,1283,01/07/2009,30/06/2010,41,1.29
3892,FC Eindhoven,Marc Brys,1010,01/07/2008,30/06/2009,40,1.10
3892,FC Eindhoven,Ernest Faber,2289,01/04/2008,30/06/2008,3,1.00
3892,FC Eindhoven,Gerald Vanenburg,1066,01/01/2008,31/03/2008,10,0.60
3892,FC Eindhoven,Louis Coolen,2103,01/07/2005,25/10/2007,92,0.92
3892,FC Eindhoven,Leon Vlemmings,2198,01/07/2001,30/06/2005,143,0.99
3892,FC Eindhoven,Jos Daerden,719,01/07/2000,30/06/2001,34,1.32
3892,FC Eindhoven,Willem Leushuis,3931,01/07/1997,30/06/2000,115,1.41
3892,FC Eindhoven,Rob Jacobs,28277,01/07/1994,28/10/1996,83,0.86
3892,FC Eindhoven,Sándor Popovics,14795,19/02/1993,08/02/1994,33,0.85
3892,FC Eindhoven,Piet Buter,3819,01/07/1992,18/02/1993,24,0.96
3892,FC Eindhoven,Chris Dekker,1271,01/07/1991,30/06/1992,46,1.39
3892,FC Eindhoven,Mario Verlijsdonk,2213,01/07/1990,30/06/1991,44,1.50
3892,FC Eindhoven,Jacques de Wit,34570,18/01/1989,30/06/1990,49,1.51
3892,FC Eindhoven,Theo Verlangen,26833,01/07/1988,21/12/1988,17,1.06
3892,FC Eindhoven,Ted Immers,23377,01/07/1986,30/06/1988,74,1.39
3892,FC Eindhoven,Jo Jansen,24486,01/07/1985,30/06/1986,37,1.08
3892,FC Eindhoven,Ad Versluijs,70750,01/07/1982,01/04/1985,88,0.86
3892,FC Eindhoven,Jacques de Wit,34570,01/07/1979,30/06/1982,110,1.17
3892,FC Eindhoven,Rinus Gosens,26824,01/07/1973,30/06/1979,232,1.36
3892,FC Eindhoven,Hans Alleman,26818,01/07/1972,30/06/1973,39,1.31
3892,FC Eindhoven,Leslie Talbot,23427,01/07/1970,30/06/1972,74,1.68
3892,FC Eindhoven,Bram Appel,25654,18/02/1970,30/06/1970,14,1.79
3892,FC Eindhoven,Joep Brandes,42890,01/07/1969,18/02/1970,19,1.58
3892,FC Eindhoven,Hennie Hollink,34883,01/07/1968,30/06/1969,36,1.11
3892,FC Eindhoven,Tonny Dumoulin,110997,01/07/1967,30/06/1968,39,1.08
3892,FC Eindhoven,Ludwig Gorissen,122149,01/07/1966,30/06/1967,39,1.51
3892,FC Eindhoven,Jacques de Wit,34570,01/07/1963,30/06/1966,17,0.94
3892,FC Eindhoven,Jan Bijl,138993,01/07/1960,30/06/1963,4,1.00
3892,FC Eindhoven,Wim Groenendijk,23431,01/07/1950,30/06/1957,36,0.81
642,De Graafschap Doetinchem,Thomas Duivenvoorden,98925,01/07/2026,,6,0.67
642,De Graafschap Doetinchem,Marinus Dijkhuizen,25155,06/01/2025,30/06/2026,62,1.58
642,De Graafschap Doetinchem,Jan Vreman,3864,01/07/2023,04/01/2025,64,1.64
642,De Graafschap Doetinchem,Adrie Poldervaart,37913,01/07/2022,30/06/2023,25,1.32
642,De Graafschap Doetinchem,Reinier Robbemond,23753,01/07/2021,16/03/2022,31,1.52
642,De Graafschap Doetinchem,Mike Snoei,497,01/07/2019,19/05/2021,71,2.00
642,De Graafschap Doetinchem,Henk de Jong,3797,01/01/2017,30/06/2019,102,1.40
642,De Graafschap Doetinchem,Jan Vreman,3864,14/02/2014,04/12/2016,120,1.28
642,De Graafschap Doetinchem,Jimmy Calderwood,657,17/01/2014,14/02/2014,4,1.25
642,De Graafschap Doetinchem,Pieter Huistra,2435,30/05/2012,24/12/2013,59,1.49
642,De Graafschap Doetinchem,Andries Ulderink,1430,01/07/2011,19/02/2012,24,0.79
642,De Graafschap Doetinchem,Darije Kalezic,9382,25/02/2009,30/06/2011,88,1.58
642,De Graafschap Doetinchem,Henk van Stee,6832,01/07/2008,25/02/2009,27,0.96
642,De Graafschap Doetinchem,Jan de Jonge,1873,02/11/2005,05/06/2008,106,1.63
642,De Graafschap Doetinchem,Gert Kruys,1428,01/07/2004,10/10/2005,53,0.85
642,De Graafschap Doetinchem,Frans Adelaar,1479,01/07/2003,30/06/2004,42,1.83
642,De Graafschap Doetinchem,Peter Bosz,1269,01/07/2002,30/06/2003,35,0.74
642,De Graafschap Doetinchem,Jurrie Koolhof,1276,01/07/2001,20/05/2002,37,1.16
642,De Graafschap Doetinchem,Rob McDonald,16350,29/09/1999,20/11/2000,42,0.95
642,De Graafschap Doetinchem,Frans Thijssen,21753,01/07/1999,30/08/1999,3,1.67
642,De Graafschap Doetinchem,Fritz Korbach,19270,31/10/1995,14/12/1998,114,1.20
642,De Graafschap Doetinchem,Frans Körver,3742,26/09/1994,31/10/1995,51,1.88
642,De Graafschap Doetinchem,Jan Versleijen,18495,01/07/1993,26/09/1994,50,1.34
642,De Graafschap Doetinchem,Simon Kistemaker,20639,26/08/1989,30/06/1993,149,1.57
642,De Graafschap Doetinchem,Ben Zweers,51869,01/07/1989,22/08/1989,3,0.33
642,De Graafschap Doetinchem,Pim Verbeek,1815,01/07/1987,30/06/1989,71,1.48
642,De Graafschap Doetinchem,Henk van Brussel,26830,01/07/1985,30/06/1987,79,1.32
642,De Graafschap Doetinchem,Sándor Popovics,14795,01/07/1983,30/06/1985,82,1.62
642,De Graafschap Doetinchem,Huib Ruijgrok,25946,01/07/1980,30/06/1983,111,1.05
642,De Graafschap Doetinchem,Pim van de Meent,25725,01/07/1978,30/06/1980,83,1.59
642,De Graafschap Doetinchem,Henk Ellens,26823,01/07/1977,30/06/1978,37,1.08
642,De Graafschap Doetinchem,Hans Dorjee,19587,03/02/1977,30/06/1977,14,1.00
642,De Graafschap Doetinchem,Ben Polak,57211,07/10/1976,03/02/1977,13,0.77
642,De Graafschap Doetinchem,Evert Teunissen,32331,01/07/1974,07/10/1976,81,1.06
642,De Graafschap Doetinchem,Piet de Visser,7277,01/07/1971,30/06/1974,120,1.33
642,De Graafschap Doetinchem,Bert van Lingen,23950,17/12/1970,30/06/1971,15,1.33
642,De Graafschap Doetinchem,Ad Zonderland,28569,01/07/1967,17/12/1970,130,1.53
642,De Graafschap Doetinchem,Evert Teunissen,32331,01/07/1962,30/06/1967,56,1.34
642,De Graafschap Doetinchem,Eric Jones,109136,01/07/1960,30/06/1962,1,0.00
1228,TOP Oss,Sjors Ultee,35586,01/07/2024,,86,1.06
1228,TOP Oss,Ruud Brood,1270,01/07/2023,30/06/2024,39,0.87
1228,TOP Oss,Klaas Wels,30770,08/02/2023,30/06/2023,15,1.07
1228,TOP Oss,Kristof Aelbrecht,54168,01/07/2022,23/12/2022,18,0.78
1228,TOP Oss,Bob Peeters,14119,01/07/2021,30/06/2022,38,1.08
1228,TOP Oss,Klaas Wels,30770,15/03/2017,30/06/2021,160,1.24
1228,TOP Oss,François Gesthuizen,29276,01/07/2016,15/03/2017,31,1.00
1228,TOP Oss,Reinier Robbemond,23753,01/07/2015,30/06/2016,37,0.78
1228,TOP Oss,Wil Boessen,2199,01/07/2014,04/05/2015,38,1.45
1228,TOP Oss,Gert Aandewiel,2065,18/09/2013,30/06/2014,31,0.81
1228,TOP Oss,Anton Janssen,7745,01/07/2012,27/08/2013,35,1.23
1228,TOP Oss,Dirk Heesen,2218,01/07/2010,30/06/2012,68,1.47
1228,TOP Oss,Hans de Koning,2312,01/07/2005,30/06/2010,201,1.14
1228,TOP Oss,Harry van den Ham,2064,01/07/2002,01/05/2005,105,1.24
1228,TOP Oss,Wim van Zwam,11993,01/07/2000,30/06/2002,71,0.92
1228,TOP Oss,Jan Versleijen,18495,04/10/1999,01/07/2000,26,0.85
1228,TOP Oss,Lex Schoenmaker,503,01/07/1997,07/09/1999,74,1.26
1228,TOP Oss,Adrie Koster,2200,01/07/1995,30/06/1997,73,1.23
1228,TOP Oss,Hans Dorjee,19587,01/07/1994,15/04/1995,31,1.65
1228,TOP Oss,Bram Braam,11723,01/07/1993,30/06/1994,35,0.80
1228,TOP Oss,Piet Schrijvers,24526,01/07/1991,30/06/1993,78,1.13
1228,TOP Oss,Bram Braam,11723,01/07/1990,30/06/1991,0,-
1228,TOP Oss,Ad Mellaard,132073,01/07/1983,30/06/1984,2,0.50
1228,TOP Oss,Jos Wap,103722,01/07/1973,30/06/1977,2,1.50
1228,TOP Oss,Jean Coomans,70264,01/07/1956,30/06/1957,0,-
1228,TOP Oss,Jan Bijl,138993,01/07/1948,30/06/1948,0,-
500,Helmond Sport,Frédéric Frans,129450,01/07/2026,,7,1.14
500,Helmond Sport,Jurgen Seegers,81771,01/07/2025,30/06/2026,39,1.00
500,Helmond Sport,Robert Maaskant,505,11/02/2025,30/06/2025,14,0.79
500,Helmond Sport,Kevin Hofland,34709,01/07/2024,03/02/2025,24,1.46
500,Helmond Sport,Bob Peeters,14119,23/12/2022,08/04/2024,54,1.22
500,Helmond Sport,Sven Swinnen,87260,14/02/2022,25/10/2022,26,0.73
500,Helmond Sport,Wil Boessen,2199,01/07/2019,14/02/2022,95,0.87
500,Helmond Sport,Rob Alflen,20372,01/07/2018,08/05/2019,39,0.56
500,Helmond Sport,Roy Hendriksen,17474,01/07/2016,30/06/2018,82,1.12
500,Helmond Sport,Jan van Dijk,1478,25/03/2014,19/02/2016,73,1.07
500,Helmond Sport,Eric Meijers,7823,01/07/2012,28/09/2013,42,1.67
500,Helmond Sport,Hans de Koning,2312,01/07/2011,30/06/2012,39,1.77
500,Helmond Sport,Jürgen Streppel,7032,01/07/2008,30/06/2011,121,1.50
500,Helmond Sport,Jan Poortvliet,1283,01/07/2007,30/06/2008,42,1.48
500,Helmond Sport,Gerald Vanenburg,1066,01/07/2006,17/02/2007,28,0.79
500,Helmond Sport,Ruud Brood,1270,01/08/2004,30/06/2006,85,1.64
500,Helmond Sport,Jan van Dijk,1478,01/07/2002,30/06/2004,83,1.71
500,Helmond Sport,Mario Verlijsdonk,2213,01/07/2001,30/06/2002,34,1.09
500,Helmond Sport,Louis Coolen,2103,01/07/1996,30/06/2001,184,1.34
500,Helmond Sport,Jan Pruijn,14911,01/07/1995,17/04/1996,36,0.83
500,Helmond Sport,Adrie Koster,2200,01/07/1993,30/06/1995,74,1.23
500,Helmond Sport,Henk Rayer,28685,01/10/1992,04/02/1993,15,1.07
500,Helmond Sport,Frans Körver,3742,01/07/1989,30/09/1992,124,1.27
500,Helmond Sport,Dick Buitelaar,63576,01/07/1988,30/06/1989,30,0.83
500,Helmond Sport,Theo Laseroms,38054,01/12/1987,30/06/1988,21,0.86
500,Helmond Sport,Jo Jansen,24486,01/07/1986,30/11/1987,52,0.87
500,Helmond Sport,Jan Brouwer,27226,01/07/1983,30/06/1986,115,1.07
500,Helmond Sport,Jan Notermans,9371,01/07/1979,30/06/1983,146,1.28
500,Helmond Sport,Jacques de Wit,34570,01/06/1978,30/06/1979,37,0.95
500,Helmond Sport,Harrie van Tuel †,41237,01/07/1977,30/06/1978,37,0.78
500,Helmond Sport,Ron Dellow,29927,01/07/1975,30/06/1977,75,1.03
500,Helmond Sport,Evert Mur,39557,01/11/1974,30/06/1975,25,0.96
500,Helmond Sport,René van Eck,57687,01/07/1972,15/09/1974,88,1.55
500,Helmond Sport,Jacques de Wit,34570,01/07/1968,30/06/1972,142,1.12
500,Helmond Sport,Frans Debruijn,62756,27/07/1967,30/06/1968,43,1.79
1455,FC Dordrecht,Paul Nuijten,98217,01/07/2026,,7,0.57
1455,FC Dordrecht,Dirk Kuyt,58167,01/07/2025,30/06/2026,39,1.21
1455,FC Dordrecht,Melvin Boel,55702,01/07/2024,30/06/2025,43,1.74
1455,FC Dordrecht,Michele Santoni,42188,01/07/2021,30/06/2024,119,1.21
1455,FC Dordrecht,Jan Zoutman,4928,07/12/2020,30/06/2021,23,0.70
1455,FC Dordrecht,Harry van den Ham,2064,08/02/2020,10/11/2020,13,0.46
1455,FC Dordrecht,Cláudio Braga,36179,01/01/2019,08/02/2020,46,0.96
1455,FC Dordrecht,Gérard de Nooijer,28536,01/07/2016,18/11/2018,97,0.84
1455,FC Dordrecht,Harry van den Ham,2064,20/08/2015,30/06/2016,36,1.11
1455,FC Dordrecht,Jan Everse Jr.,3786,11/03/2015,17/08/2015,10,0.80
1455,FC Dordrecht,Ernie Brandts,2104,01/07/2014,19/02/2015,25,0.60
1455,FC Dordrecht,Harry van den Ham,2064,01/07/2013,30/06/2014,43,1.93
1455,FC Dordrecht,Gert Kruys,1428,03/01/2013,21/02/2013,3,0.33
1455,FC Dordrecht,Harry van den Ham,2064,26/07/2012,22/12/2012,19,1.68
1455,FC Dordrecht,Theo Bos,2334,01/07/2012,14/07/2012,0,-
1455,FC Dordrecht,Theo Bos,2334,01/07/2011,07/01/2012,19,1.58
1455,FC Dordrecht,Henny Lee,3912,01/07/2010,30/06/2011,36,1.33
1455,FC Dordrecht,Gert Kruys,1428,01/07/2006,30/06/2010,169,1.44
1455,FC Dordrecht,Jurrie Koolhof,1276,01/07/2005,30/06/2006,40,1.55
1455,FC Dordrecht,Robert Verbeek,2225,24/11/2003,30/06/2005,52,1.27
1455,FC Dordrecht,Jos van Eck,18070,01/07/2002,24/11/2003,49,0.73
1455,FC Dordrecht,Harry van den Ham,2064,01/07/2000,30/06/2002,77,1.34
1455,FC Dordrecht,Robert Verbeek,2225,01/07/1996,30/06/2000,150,1.22
1455,FC Dordrecht,Lex Schoenmaker,503,01/07/1995,27/10/1995,14,1.29
1455,FC Dordrecht,Jan Versleijen,18495,06/03/1995,30/06/1995,11,1.73
1455,FC Dordrecht,Nico van Zoghel,24196,01/07/1993,06/03/1995,62,1.31
1455,FC Dordrecht,Han Berger,21742,01/03/1992,30/06/1993,45,0.78
1455,FC Dordrecht,Hans Verèl,13870,22/08/1991,01/03/1992,26,1.08
1455,FC Dordrecht,Dick Advocaat,3,01/07/1991,22/08/1991,1,0.00
1455,FC Dordrecht,Hans Verèl,13870,01/07/1990,30/06/1991,47,1.57
1455,FC Dordrecht,Epi Drost,70588,01/07/1989,30/06/1990,37,0.76
1455,FC Dordrecht,Simon Kistemaker,20639,01/07/1986,30/06/1989,113,1.12
1455,FC Dordrecht,Ad Versluijs,70750,12/07/1985,30/06/1986,38,1.05
1455,FC Dordrecht,Frans Körver,3742,01/07/1984,31/12/1984,0,-
1455,FC Dordrecht,Simon Kistemaker,20639,01/07/1984,30/06/1985,35,1.06
1455,FC Dordrecht,Hans Dorjee,19587,01/07/1982,30/06/1984,69,1.25
1455,FC Dordrecht,Mircea Petescu,25996,16/12/1980,30/06/1982,65,1.26
1455,FC Dordrecht,Jan van Daal,26831,01/07/1979,16/12/1980,57,1.51
1455,FC Dordrecht,Jan Rab,37926,01/07/1977,30/06/1979,75,0.68
1455,FC Dordrecht,René van Eck,57687,01/07/1975,30/06/1977,76,1.05
1455,FC Dordrecht,Hans Alleman,26818,01/07/1973,23/03/1975,69,1.09
1455,FC Dordrecht,Bob Janse,64660,01/07/1972,02/05/1973,34,0.71
1455,FC Dordrecht,Alexander Schwartz,884,01/01/1970,30/06/1971,0,-
1455,FC Dordrecht,Franz Rybicki,81217,01/07/1958,30/06/1960,0,-
1455,FC Dordrecht,Jimmy Hogan,21805,01/07/1910,30/06/1911,0,-
384,MVV Maastricht,Andries Jonker,1274,01/07/2026,,7,1.86
384,MVV Maastricht,Peter van den Berg,10697,22/10/2025,30/06/2026,27,0.89
384,MVV Maastricht,Edwin Hermans,13092,01/07/2024,23/09/2025,47,1.00
384,MVV Maastricht,Maurice Verberne,17135,30/03/2022,30/06/2024,86,1.47
384,MVV Maastricht,Klaas Wels,30770,01/07/2021,29/03/2022,34,0.94
384,MVV Maastricht,Darije Kalezic,9382,01/07/2020,30/06/2021,39,1.18
384,MVV Maastricht,Fuat Usta,30767,01/07/2019,30/06/2020,30,0.90
384,MVV Maastricht,Ron Elsen,13281,03/01/2014,30/06/2019,220,1.37
384,MVV Maastricht,Tini Ruijs,22498,01/07/2013,20/12/2013,24,1.38
384,MVV Maastricht,René Trost,2045,21/07/2010,30/06/2013,108,1.45
384,MVV Maastricht,Fuat Çapa,2043,01/07/2008,01/02/2010,62,1.40
384,MVV Maastricht,Robert Maaskant,505,01/07/2007,30/06/2008,42,1.50
384,MVV Maastricht,Jurrie Koolhof,1276,01/07/2006,19/02/2007,29,1.03
384,MVV Maastricht,Andries Jonker,1274,01/07/2004,30/06/2006,74,1.22
384,MVV Maastricht,Jan van Deinsen,24670,01/07/2003,02/02/2004,16,0.31
384,MVV Maastricht,Roger Reijners,2210,01/07/2001,30/06/2003,69,1.00
384,MVV Maastricht,Wim Koevermans,20854,01/07/1998,30/06/2001,113,1.00
384,MVV Maastricht,Frans Körver,3742,18/10/1995,30/06/1998,97,1.52
384,MVV Maastricht,Jan Reker,14530,16/05/1995,18/10/1995,20,0.80
384,MVV Maastricht,Sef Vergoossen,718,01/07/1989,16/05/1995,212,1.20
384,MVV Maastricht,Frans Körver,3742,01/07/1986,30/06/1989,113,1.53
384,MVV Maastricht,Pim van de Meent,25725,01/07/1985,30/06/1986,34,0.85
384,MVV Maastricht,Cor Brom,14051,01/01/1985,30/06/1985,19,1.21
384,MVV Maastricht,Barry Hughes,25685,01/07/1984,30/06/1985,20,1.30
384,MVV Maastricht,Clemens Westerhof,9269,07/12/1982,30/06/1984,55,1.89
384,MVV Maastricht,Friedel Rausch,872,15/04/1982,30/06/1982,6,0.67
384,MVV Maastricht,Leo Steegman,25862,01/07/1978,16/04/1982,117,1.15
384,MVV Maastricht,George Knobel,14401,01/07/1976,30/06/1978,89,1.94
384,MVV Maastricht,André Maas,107639,01/07/1975,30/06/1976,35,0.89
384,MVV Maastricht,Leo Canjels,61485,16/09/1973,30/06/1975,65,1.06
384,MVV Maastricht,Maarten Vink,61122,01/07/1973,16/09/1973,5,0.80
384,MVV Maastricht,George Knobel,14401,19/03/1969,30/06/1973,160,1.32
384,MVV Maastricht,Jung Schlangen,70258,01/07/1968,19/03/1969,26,0.77
384,MVV Maastricht,Friedrich Donenfeld,14520,01/07/1966,30/06/1968,75,1.12
384,MVV Maastricht,Charles Siezenis,45728,01/07/1964,30/06/1966,64,1.19
384,MVV Maastricht,Barend Braaksma,140330,01/07/1963,30/06/1964,2,0.50
384,MVV Maastricht,Viktor Havlicek,23429,01/07/1961,30/06/1963,67,1.40
384,MVV Maastricht,Rainer Hammers,29374,01/07/1960,30/06/1961,19,1.05
384,MVV Maastricht,Branko Vidovic,117428,01/07/1958,06/11/1960,76,1.36
384,MVV Maastricht,Rainer Hammers,29374,01/07/1956,30/06/1958,68,1.57
384,MVV Maastricht,Viktor Havlicek,23429,01/07/1948,29/02/1956,2,0.50
384,MVV Maastricht,Wim Groenendijk,23431,01/07/1945,30/06/1948,0,-
384,MVV Maastricht,Bill Julian,47516,01/07/1932,30/06/1934,0,-
404,FC Den Bosch,Bart Schreuder,101054,01/07/2026,,7,1.00
404,FC Den Bosch,Ulrich Landvreugd,28556,11/11/2024,30/06/2026,71,1.30
404,FC Den Bosch,David Nascimento,1896,01/07/2024,11/11/2024,15,1.67
404,FC Den Bosch,Tomasz Kaczmarek,10813,10/04/2023,11/04/2024,38,0.74
404,FC Den Bosch,Jack de Gier,12006,01/02/2021,06/03/2023,83,1.12
404,FC Den Bosch,Erik van der Ven,38658,09/08/2019,16/01/2021,51,1.02
404,FC Den Bosch,Wil Boessen,2199,01/07/2017,23/04/2019,77,1.39
404,FC Den Bosch,Wiljan Vloet,499,10/02/2016,30/06/2017,52,1.08
404,FC Den Bosch,René van Eck,1263,05/02/2015,06/02/2016,42,1.19
404,FC Den Bosch,Ruud Kaiser,4083,01/07/2013,03/02/2015,63,1.35
404,FC Den Bosch,Jan Poortvliet,1283,01/07/2012,30/06/2013,34,1.29
404,FC Den Bosch,Alfons Groenendijk,2234,01/07/2010,30/06/2012,81,1.49
404,FC Den Bosch,Marc Brys,1010,01/07/2009,30/06/2010,40,1.50
404,FC Den Bosch,Theo Bos,2334,01/07/2005,03/01/2009,146,1.66
404,FC Den Bosch,Henk Wisman,509,01/08/2004,05/03/2005,25,0.48
404,FC Den Bosch,Gert Kruys,1428,01/07/2002,30/06/2004,77,1.87
404,FC Den Bosch,Wiljan Vloet,499,01/07/2001,30/06/2002,41,1.12
404,FC Den Bosch,Jan Poortvliet,1283,31/07/2000,30/06/2001,35,2.14
404,FC Den Bosch,Mark Wotte,496,29/02/2000,31/07/2000,11,1.00
404,FC Den Bosch,Martin Koopman,7850,14/09/1998,29/02/2000,58,1.57
404,FC Den Bosch,Kees Zwamborn,3841,01/07/1996,02/09/1998,78,1.55
404,FC Den Bosch,Chris Dekker,1271,01/07/1995,30/06/1996,44,1.50
404,FC Den Bosch,Hans van der Pluijm,22528,31/08/1990,30/06/1995,204,1.21
404,FC Den Bosch,Rinus Israël,5409,01/07/1989,30/08/1990,45,0.84
404,FC Den Bosch,Theo de Jong,13699,01/07/1986,30/06/1989,110,1.45
404,FC Den Bosch,Rinus Israël,5409,01/07/1984,30/06/1986,74,1.43
404,FC Den Bosch,Hans Verèl,13870,01/07/1981,30/06/1984,109,1.60
404,FC Den Bosch,Rinus Gosens,26824,01/07/1979,11/03/1981,49,1.84
404,FC Den Bosch,Ad Zonderland,28569,01/07/1976,30/06/1979,114,1.41
404,FC Den Bosch,Nol de Ruiter,21836,25/01/1974,30/06/1976,92,1.22
404,FC Den Bosch,Jan Remmers,32800,01/07/1970,24/01/1974,128,1.18
404,FC Den Bosch,Ben Tap,32801,01/07/1966,30/06/1970,150,1.59
404,FC Den Bosch,Franz Rybicki,81217,01/07/1961,30/06/1963,0,-
404,FC Den Bosch,Charles Jackson,92892,01/07/1938,27/09/1960,68,0.94
